Frequency,ADS,,,HFSS,,,Theory,
1000000000,1.56E-10,0.15630079,,1.70E-10,0.17032561,,9.17E-09,0.091698409
1020000000,1.55E-10,0.15515364,,1.70E-10,0.169839814,,9.10E-09,0.091012301
1040000000,1.54E-10,0.1540303,,1.69E-10,0.168881691,,9.03E-09,0.090340732
1060000000,1.53E-10,0.152931254,,1.68E-10,0.167950914,,8.97E-09,0.08968396
1080000000,1.52E-10,0.151856947,,1.67E-10,0.167048288,,8.90E-09,0.08904221
1100000000,1.51E-10,0.150807781,,1.66E-10,0.1661746,,8.84E-09,0.088415686
1120000000,1.50E-10,0.149784126,,1.65E-10,0.165330625,,8.78E-09,0.087804566
1140000000,1.49E-10,0.148786319,,1.65E-10,0.16451713,,8.72E-09,0.08720901
1160000000,1.48E-10,0.147814675,,1.64E-10,0.163734882,,8.66E-09,0.086629161
1180000000,1.47E-10,0.146869484,,1.63E-10,0.162984658,,8.61E-09,0.086065146
1200000000,1.46E-10,0.145951023,,1.62E-10,0.162267244,,8.55E-09,0.085517082
1220000000,1.45E-10,0.145059554,,1.62E-10,0.161583448,,8.50E-09,0.084985076
1240000000,1.44E-10,0.144195331,,1.61E-10,0.160934107,,8.45E-09,0.084469227
1260000000,1.43E-10,0.143358607,,1.60E-10,0.160320093,,8.40E-09,0.083969631
1280000000,1.43E-10,0.142549635,,1.60E-10,0.159742321,,8.35E-09,0.083486382
1300000000,1.42E-10,0.141768671,,1.59E-10,0.15920176,,8.30E-09,0.083019576
1320000000,1.41E-10,0.141015987,,1.59E-10,0.158699443,,8.26E-09,0.08256931
1340000000,1.40E-10,0.140291866,,1.58E-10,0.158236474,,8.21E-09,0.082135689
1360000000,1.40E-10,0.139596614,,1.58E-10,0.157814043,,8.17E-09,0.081718828
1380000000,1.39E-10,0.138930561,,1.57E-10,0.157433436,,8.13E-09,0.08131885
1400000000,1.38E-10,0.138294073,,1.57E-10,0.157096049,,8.09E-09,0.080935896
1420000000,1.38E-10,0.13768755,,1.57E-10,0.156803405,,8.06E-09,0.080570124
1440000000,1.37E-10,0.137111439,,1.57E-10,0.156557168,,8.02E-09,0.080221713
1460000000,1.37E-10,0.136566239,,1.56E-10,0.156359162,,7.99E-09,0.079890866
1480000000,1.36E-10,0.136052506,,1.56E-10,0.156211392,,7.96E-09,0.079577815
1500000000,1.36E-10,0.135570869,,1.56E-10,0.156116068,,7.93E-09,0.079282826
1520000000,1.35E-10,0.135122031,,1.56E-10,0.156075629,,7.90E-09,0.079006201
1540000000,1.35E-10,0.134706787,,1.56E-10,0.156092774,,7.87E-09,0.078748286
1560000000,1.34E-10,0.13432603,,1.56E-10,0.156170497,,7.85E-09,0.078509474
1580000000,1.34E-10,0.13398077,,1.56E-10,0.156312121,,7.83E-09,0.078290214
1600000000,1.34E-10,0.133672144,,1.57E-10,0.156521344,,7.81E-09,0.078091017
1620000000,1.33E-10,0.133401438,,1.57E-10,0.15680229,,7.79E-09,0.077912463
1640000000,1.33E-10,0.133170104,,1.57E-10,0.157159564,,7.78E-09,0.077755213
1660000000,1.33E-10,0.132979783,,1.58E-10,0.157598319,,7.76E-09,0.077620018
1680000000,1.33E-10,0.132832333,,1.58E-10,0.158124333,,7.75E-09,0.077507732
1700000000,1.33E-10,0.13272986,,1.59E-10,0.158744097,,7.74E-09,0.077419325
1720000000,1.33E-10,0.13267475,,1.59E-10,0.159464921,,7.74E-09,0.077355901
1740000000,1.33E-10,0.132669715,,1.60E-10,0.160295053,,7.73E-09,0.077318717
1760000000,1.33E-10,0.132717839,,1.61E-10,0.161243821,,7.73E-09,0.077309205
1780000000,1.33E-10,0.132822635,,1.62E-10,0.162321802,,7.73E-09,0.077328998
1800000000,1.33E-10,0.132988117,,1.64E-10,0.163541021,,7.74E-09,0.077379962
1820000000,1.33E-10,0.133218877,,1.65E-10,0.164915183,,7.75E-09,0.077464234
1840000000,1.34E-10,0.133520182,,1.66E-10,0.166459959,,7.76E-09,0.077584262
1860000000,1.34E-10,0.133898093,,1.68E-10,0.168193315,,7.77E-09,0.077742864
1880000000,1.34E-10,0.134359603,,1.70E-10,0.170135922,,7.79E-09,0.077943286
1900000000,1.35E-10,0.134912805,,1.72E-10,0.172311641,,7.82E-09,0.07818928
1920000000,1.36E-10,0.135567103,,1.75E-10,0.174748115,,7.85E-09,0.078485197
1940000000,1.36E-10,0.136333462,,1.77E-10,0.177477494,,7.88E-09,0.078836102
1960000000,1.37E-10,0.137224722,,1.81E-10,0.180537316,,7.92E-09,0.079247913
1980000000,1.38E-10,0.138255987,,1.84E-10,0.183971605,,7.97E-09,0.079727569
2000000000,1.39E-10,0.13944511,,1.88E-10,0.187832217,,8.03E-09,0.080283252
2020000000,1.41E-10,0.140813304,,1.92E-10,0.192180534,,8.09E-09,0.08092465
2040000000,1.42E-10,0.142385917,,1.97E-10,0.197089569,,8.17E-09,0.081663296
2060000000,1.44E-10,0.144193419,,2.03E-10,0.202646641,,8.25E-09,0.082513003
2080000000,1.46E-10,0.146272687,,2.09E-10,0.20895675,,8.35E-09,0.083490415
2100000000,1.49E-10,0.14866866,,2.16E-10,0.216146894,,8.46E-09,0.084615719
2120000000,1.51E-10,0.15143653,,2.24E-10,0.224371612,,8.59E-09,0.085913586
2140000000,1.55E-10,0.154644643,,2.34E-10,0.23382013,,8.74E-09,0.087414398
2160000000,1.58E-10,0.158378405,,2.45E-10,0.244725641,,8.92E-09,0.089155896
2180000000,1.63E-10,0.162745588,,2.57E-10,0.257377396,,9.12E-09,0.091185399
2200000000,1.68E-10,0.167883648,,2.72E-10,0.27213649,,9.36E-09,0.09356284
2220000000,1.74E-10,0.17396997,,2.89E-10,0.28945651,,9.64E-09,0.096364979
2240000000,1.81E-10,0.181236405,,3.10E-10,0.309910406,,9.97E-09,0.09969132
2260000000,1.90E-10,0.189990285,,3.34E-10,0.334225144,,1.04E-08,0.103672592
2280000000,2.01E-10,0.200645341,,3.63E-10,0.363325406,,1.08E-08,0.108483086
2300000000,2.14E-10,0.213768118,,3.98E-10,0.398386322,,1.14E-08,0.114358984
2320000000,2.30E-10,0.230149143,,4.41E-10,0.440891343,,1.22E-08,0.121626162
2340000000,2.51E-10,0.25091458,,4.93E-10,0.492681707,,1.31E-08,0.130743346
2360000000,2.78E-10,0.277705669,,5.56E-10,0.555961892,,1.42E-08,0.142370853
2380000000,3.13E-10,0.312974141,,6.33E-10,0.633178844,,1.57E-08,0.157483061
2400000000,3.60E-10,0.360479545,,7.27E-10,0.726603698,,1.78E-08,0.177557865
2420000000,4.26E-10,0.426139469,,8.37E-10,0.837302825,,2.05E-08,0.204905255
2440000000,5.19E-10,0.519476818,,9.63E-10,0.963045721,,2.43E-08,0.243252512
2460000000,6.56E-10,0.65593526,,1.09E-09,1.09482217,,2.99E-08,0.29880309
2480000000,8.60E-10,0.859648984,,1.21E-09,1.212562806,,3.82E-08,0.382119614
2500000000,1.16E-09,1.161578041,,1.28E-09,1.282276196,,5.11E-08,0.511056284
2520000000,1.57E-09,1.567148017,,1.26E-09,1.255086578,,7.13E-08,0.712512758
2540000000,1.92E-09,1.92441351,,1.05E-09,1.048468872,,1.01E-07,1.00543815
2560000000,1.77E-09,1.766168709,,3.52E-10,0.352272347,,1.29E-07,1.294287419
2580000000,6.22E-10,0.621797344,,-3.83E-09,-3.825864533,,1.13E-07,1.127690024
2600000000,-2.47E-09,-2.470383403,,-8.10E-09,-8.103285308,,-4.76E-08,-0.476058738
2620000000,-8.23E-09,-8.232429037,,-4.76E-09,-4.755231792,,-5.02E-07,-5.024873741
2640000000,-1.73E-09,-1.732585806,,-2.96E-10,-0.296127786,,-1.51E-07,-1.507899323
2660000000,-1.23E-10,-0.12339523,,2.76E-10,0.275527744,,-1.93E-08,-0.193162173
2680000000,1.85E-10,0.184975608,,3.87E-10,0.387466201,,7.13E-09,0.071308205
2700000000,2.51E-10,0.250697511,,4.01E-10,0.401057073,,1.33E-08,0.133060167
2720000000,2.57E-10,0.256770518,,3.87E-10,0.386619398,,1.44E-08,0.14425031
2740000000,2.47E-10,0.246807892,,3.64E-10,0.36437162,,1.41E-08,0.141243371
2760000000,2.33E-10,0.2333213,,3.41E-10,0.341172423,,1.35E-08,0.134515981
2780000000,2.20E-10,0.220165344,,3.19E-10,0.319435384,,1.27E-08,0.127366221
2800000000,2.08E-10,0.208453112,,3.00E-10,0.299912595,,1.21E-08,0.12082063
2820000000,1.98E-10,0.198376063,,2.83E-10,0.282704743,,1.15E-08,0.115134106
2840000000,1.90E-10,0.189821188,,2.68E-10,0.267662326,,1.10E-08,0.110296737
2860000000,1.83E-10,0.182591482,,2.55E-10,0.254552914,,1.06E-08,0.106215607
2880000000,1.76E-10,0.176484956,,2.43E-10,0.243131565,,1.03E-08,0.102781307
2900000000,1.71E-10,0.171320808,,2.33E-10,0.233169267,,9.99E-09,0.099891348
2920000000,1.67E-10,0.166945587,,2.24E-10,0.224462791,,9.75E-09,0.097457093
2940000000,1.63E-10,0.163232057,,2.17E-10,0.216836378,,9.54E-09,0.09540445
2960000000,1.60E-10,0.160075749,,2.10E-10,0.210140012,,9.37E-09,0.093672418
2980000000,1.57E-10,0.157391147,,2.04E-10,0.20424646,,9.22E-09,0.092211056
3000000000,1.55E-10,0.155108207,,1.99E-10,0.199048081,,9.10E-09,0.090979516
3020000000,1.53E-10,0.153169402,,1.94E-10,0.194453824,,8.99E-09,0.089944331
3040000000,1.52E-10,0.151527315,,1.90E-10,0.190386573,,8.91E-09,0.089077984
3060000000,1.50E-10,0.150142685,,1.87E-10,0.186780875,,8.84E-09,0.088357764
3080000000,1.49E-10,0.14898286,,1.84E-10,0.183581021,,8.78E-09,0.087764836
3100000000,1.48E-10,0.148020555,,1.81E-10,0.180739454,,8.73E-09,0.087283509
3120000000,1.47E-10,0.147232864,,1.78E-10,0.178215446,,8.69E-09,0.086900649
3140000000,1.47E-10,0.146600471,,1.76E-10,0.175974,,8.66E-09,0.08660521
3160000000,1.46E-10,0.146107016,,1.74E-10,0.173984943,,8.64E-09,0.086387861
3180000000,1.46E-10,0.145738585,,1.72E-10,0.172222175,,8.62E-09,0.086240684
3200000000,1.45E-10,0.145483297,,1.71E-10,0.170663048,,8.62E-09,0.086156931
3220000000,1.45E-10,0.145330969,,1.69E-10,0.169287843,,8.61E-09,0.086130831
3240000000,1.45E-10,0.145272841,,1.68E-10,0.16807934,,8.62E-09,0.086157426
3260000000,1.45E-10,0.145301353,,1.67E-10,0.167022455,,8.62E-09,0.086232439
3280000000,1.45E-10,0.145409957,,1.66E-10,0.166103935,,8.64E-09,0.086352172
3300000000,1.46E-10,0.145592968,,1.65E-10,0.165312103,,8.65E-09,0.086513411
3320000000,1.46E-10,0.145845431,,1.65E-10,0.164636643,,8.67E-09,0.086713354
3340000000,1.46E-10,0.146163015,,1.64E-10,0.164068415,,8.69E-09,0.086949549
3360000000,1.47E-10,0.146541928,,1.64E-10,0.163599298,,8.72E-09,0.087219845
3380000000,1.47E-10,0.146978833,,1.63E-10,0.16322206,,8.75E-09,0.087522342
3400000000,1.47E-10,0.147470792,,1.63E-10,0.162930242,,8.79E-09,0.087855361
3420000000,1.48E-10,0.148015204,,1.63E-10,0.162718061,,8.82E-09,0.088217406
3440000000,1.49E-10,0.148609761,,1.63E-10,0.162580325,,8.86E-09,0.088607142
3460000000,1.49E-10,0.149252408,,1.63E-10,0.162512362,,8.90E-09,0.089023368
3480000000,1.50E-10,0.149941307,,1.63E-10,0.162509954,,8.95E-09,0.089464999
3500000000,1.51E-10,0.150674804,,1.63E-10,0.162569285,,8.99E-09,0.089931048
3520000000,1.51E-10,0.151451407,,1.63E-10,0.162686889,,9.04E-09,0.09042061
3540000000,1.52E-10,0.152269757,,1.63E-10,0.162859614,,9.09E-09,0.090932848
3560000000,1.53E-10,0.153128611,,1.63E-10,0.163084579,,9.15E-09,0.091466981
3580000000,1.54E-10,0.15402682,,1.63E-10,0.163359146,,9.20E-09,0.092022275
3600000000,1.55E-10,0.154963313,,1.64E-10,0.163680889,,9.26E-09,0.09259803
3620000000,1.56E-10,0.155937084,,1.64E-10,0.164047567,,9.32E-09,0.093193575
3640000000,1.57E-10,0.156947174,,1.64E-10,0.164457107,,9.38E-09,0.093808256
3660000000,1.58E-10,0.15799266,,1.65E-10,0.164907576,,9.44E-09,0.094441431
3680000000,1.59E-10,0.159072643,,1.65E-10,0.165397168,,9.51E-09,0.095092462
3700000000,1.60E-10,0.160186237,,1.66E-10,0.165924188,,9.58E-09,0.09576071
3720000000,1.61E-10,0.161332558,,1.66E-10,0.166487032,,9.64E-09,0.096445529
3740000000,1.63E-10,0.162510711,,1.67E-10,0.167084181,,9.71E-09,0.097146256
3760000000,1.64E-10,0.163719787,,1.68E-10,0.167714181,,9.79E-09,0.097862213
3780000000,1.65E-10,0.164958848,,1.68E-10,0.168375638,,9.86E-09,0.098592698
3800000000,1.66E-10,0.166226922,,1.69E-10,0.169067206,,9.93E-09,0.099336978
3820000000,1.68E-10,0.167522991,,1.70E-10,0.169787575,,1.00E-08,0.100094291
3840000000,1.69E-10,0.168845985,,1.71E-10,0.170535468,,1.01E-08,0.100863835
3860000000,1.70E-10,0.170194777,,1.71E-10,0.171309626,,1.02E-08,0.10164477
3880000000,1.72E-10,0.171568168,,1.72E-10,0.172108808,,1.02E-08,0.102436211
3900000000,1.73E-10,0.172964887,,1.73E-10,0.172931779,,1.03E-08,0.103237224
3920000000,1.74E-10,0.17438358,,1.74E-10,0.173777305,,1.04E-08,0.104046828
3940000000,1.76E-10,0.175822806,,1.75E-10,0.174644149,,1.05E-08,0.104863985
3960000000,1.77E-10,0.177281028,,1.76E-10,0.175531065,,1.06E-08,0.105687604
3980000000,1.79E-10,0.178756609,,1.76E-10,0.176436791,,1.07E-08,0.106516536
4000000000,1.80E-10,0.180247806,,1.77E-10,0.177360048,,1.07E-08,0.107349575
4020000000,1.82E-10,0.181752765,,1.78E-10,0.178299532,,1.08E-08,0.108185453
4040000000,1.83E-10,0.183269517,,1.79E-10,0.179253915,,1.09E-08,0.109022843
4060000000,1.85E-10,0.184795977,,1.80E-10,0.180221838,,1.10E-08,0.109860357
4080000000,1.86E-10,0.186329935,,1.81E-10,0.181201909,,1.11E-08,0.110696549
4100000000,1.88E-10,0.187869061,,1.82E-10,0.182192702,,1.12E-08,0.111529913
4120000000,1.89E-10,0.189410899,,1.83E-10,0.183192753,,1.12E-08,0.112358887
4140000000,1.91E-10,0.19095287,,1.84E-10,0.18420056,,1.13E-08,0.113181857
4160000000,1.92E-10,0.192492272,,1.85E-10,0.18521458,,1.14E-08,0.113997155
4180000000,1.94E-10,0.194026281,,1.86E-10,0.186233232,,1.15E-08,0.11480307
4200000000,1.96E-10,0.195551959,,1.87E-10,0.187254891,,1.16E-08,0.115597847
4220000000,1.97E-10,0.197066254,,1.88E-10,0.188277895,,1.16E-08,0.116379697
4240000000,1.99E-10,0.198566009,,1.89E-10,0.189300538,,1.17E-08,0.117146798
4260000000,2.00E-10,0.20004797,,1.90E-10,0.19032108,,1.18E-08,0.117897309
4280000000,2.02E-10,0.201508796,,1.91E-10,0.19133774,,1.19E-08,0.118629373
4300000000,2.03E-10,0.202945069,,1.92E-10,0.192348707,,1.19E-08,0.119341125
4320000000,2.04E-10,0.204353306,,1.93E-10,0.193352136,,1.20E-08,0.120030707
4340000000,2.06E-10,0.205729978,,1.94E-10,0.194346154,,1.21E-08,0.12069627
4360000000,2.07E-10,0.207071519,,1.95E-10,0.195328865,,1.21E-08,0.12133599
4380000000,2.08E-10,0.208374349,,1.96E-10,0.196298353,,1.22E-08,0.121948078
4400000000,2.10E-10,0.20963489,,1.97E-10,0.197252688,,1.23E-08,0.122530789
4420000000,2.11E-10,0.210849587,,1.98E-10,0.198189932,,1.23E-08,0.123082434
4440000000,2.12E-10,0.212014929,,1.99E-10,0.199108144,,1.24E-08,0.123601395
4460000000,2.13E-10,0.213127471,,2.00E-10,0.200005386,,1.24E-08,0.124086129
4480000000,2.14E-10,0.214183855,,2.01E-10,0.200879733,,1.25E-08,0.124535187
4500000000,2.15E-10,0.215180839,,2.02E-10,0.201729277,,1.25E-08,0.124947221
4520000000,2.16E-10,0.216115311,,2.03E-10,0.202552139,,1.25E-08,0.125320994
4540000000,2.17E-10,0.216984322,,2.03E-10,0.203346473,,1.26E-08,0.125655391
4560000000,2.18E-10,0.217785101,,2.04E-10,0.204110476,,1.26E-08,0.125949428
4580000000,2.19E-10,0.218515084,,2.05E-10,0.204842396,,1.26E-08,0.12620226
4600000000,2.19E-10,0.219171929,,2.06E-10,0.205540542,,1.26E-08,0.126413187
4620000000,2.20E-10,0.21975354,,2.06E-10,0.206203293,,1.27E-08,0.126581663
4640000000,2.20E-10,0.220258084,,2.07E-10,0.206829103,,1.27E-08,0.126707297
4660000000,2.21E-10,0.220684004,,2.07E-10,0.207416514,,1.27E-08,0.126789858
4680000000,2.21E-10,0.22103004,,2.08E-10,0.20796416,,1.27E-08,0.126829279
4700000000,2.21E-10,0.221295234,,2.08E-10,0.20847078,,1.27E-08,0.126825653
4720000000,2.21E-10,0.221478942,,2.09E-10,0.208935219,,1.27E-08,0.126779237
4740000000,2.22E-10,0.221580838,,2.09E-10,0.209356441,,1.27E-08,0.126690447
4760000000,2.22E-10,0.22160092,,2.10E-10,0.209733531,,1.27E-08,0.126559856
4780000000,2.22E-10,0.221539511,,2.10E-10,0.210065706,,1.26E-08,0.126388189
4800000000,2.21E-10,0.22139725,,2.10E-10,0.210352311,,1.26E-08,0.126176314
4820000000,2.21E-10,0.221175094,,2.11E-10,0.210592835,,1.26E-08,0.12592524
4840000000,2.21E-10,0.220874306,,2.11E-10,0.210786904,,1.26E-08,0.125636104
4860000000,2.20E-10,0.220496443,,2.11E-10,0.210934291,,1.25E-08,0.125310166
4880000000,2.20E-10,0.220043345,,2.11E-10,0.211034911,,1.25E-08,0.124948795
4900000000,2.20E-10,0.219517118,,2.11E-10,0.211088827,,1.25E-08,0.124553462
4920000000,2.19E-10,0.218920115,,2.11E-10,0.21109625,,1.24E-08,0.124125725
4940000000,2.18E-10,0.21825492,,2.11E-10,0.211057533,,1.24E-08,0.123667224
4960000000,2.18E-10,0.217524323,,2.11E-10,0.210973172,,1.23E-08,0.123179663
4980000000,2.17E-10,0.216731299,,2.11E-10,0.210843803,,1.23E-08,0.122664802
5000000000,2.16E-10,0.215878989,,2.11E-10,0.210767955,,1.22E-08,0.122124444
5020000000,2.15E-10,0.214970669,,2.10E-10,0.209795171,,1.22E-08,0.121560427
5040000000,2.14E-10,0.214009734,,2.09E-10,0.209471396,,1.21E-08,0.120974607
5060000000,2.13E-10,0.212999672,,2.09E-10,0.209102703,,1.20E-08,0.120368855
5080000000,2.12E-10,0.211944037,,2.09E-10,0.208690558,,1.20E-08,0.11974504
5100000000,2.11E-10,0.210846433,,2.08E-10,0.208236535,,1.19E-08,0.119105024
5120000000,2.10E-10,0.20971049,,2.08E-10,0.207742308,,1.18E-08,0.118450654
5140000000,2.09E-10,0.208539841,,2.07E-10,0.207209639,,1.18E-08,0.117783749
5160000000,2.07E-10,0.207338106,,2.07E-10,0.206640373,,1.17E-08,0.1171061
5180000000,2.06E-10,0.206108874,,2.06E-10,0.206036422,,1.16E-08,0.116419454
5200000000,2.05E-10,0.204855683,,2.05E-10,0.20539976,,1.16E-08,0.115725519
5220000000,2.04E-10,0.20358201,,2.05E-10,0.204732412,,1.15E-08,0.11502595
5240000000,2.02E-10,0.202291255,,2.04E-10,0.204036442,,1.14E-08,0.114322349
5260000000,2.01E-10,0.20098673,,2.03E-10,0.203313948,,1.14E-08,0.113616262
5280000000,2.00E-10,0.199671646,,2.03E-10,0.202567047,,1.13E-08,0.112909175
5300000000,1.98E-10,0.198349109,,2.02E-10,0.201797872,,1.12E-08,0.112202509
5320000000,1.97E-10,0.197022111,,2.01E-10,0.201008559,,1.11E-08,0.111497623
5340000000,1.96E-10,0.195693523,,2.00E-10,0.200201241,,1.11E-08,0.110795811
5360000000,1.94E-10,0.194366091,,1.99E-10,0.19937804,,1.10E-08,0.110098301
5380000000,1.93E-10,0.193042436,,1.99E-10,0.19854106,,1.09E-08,0.109406256
5400000000,1.92E-10,0.191725048,,1.98E-10,0.197692383,,1.09E-08,0.108720772
5420000000,1.90E-10,0.190416288,,1.97E-10,0.196834059,,1.08E-08,0.108042885
5440000000,1.89E-10,0.189118387,,1.96E-10,0.195968103,,1.07E-08,0.107373562
5460000000,1.88E-10,0.187833447,,1.95E-10,0.19509649,,1.07E-08,0.106713713
5480000000,1.87E-10,0.186563445,,1.94E-10,0.194221152,,1.06E-08,0.106064187
5500000000,1.85E-10,0.185310234,,1.93E-10,0.193343975,,1.05E-08,0.105425774
5520000000,1.84E-10,0.184075546,,1.92E-10,0.192466791,,1.05E-08,0.104799208
5540000000,1.83E-10,0.182860996,,1.92E-10,0.191591383,,1.04E-08,0.104185172
5560000000,1.82E-10,0.181668089,,1.91E-10,0.190719479,,1.04E-08,0.103584294
5580000000,1.80E-10,0.18049822,,1.90E-10,0.18985275,,1.03E-08,0.102997157
5600000000,1.79E-10,0.179352682,,1.89E-10,0.188992812,,1.02E-08,0.102424296
5620000000,1.78E-10,0.17823267,,1.88E-10,0.188141226,,1.02E-08,0.101866203
5640000000,1.77E-10,0.177139288,,1.87E-10,0.187299493,,1.01E-08,0.10132333
5660000000,1.76E-10,0.176073553,,1.86E-10,0.18646906,,1.01E-08,0.10079609
5680000000,1.75E-10,0.175036399,,1.86E-10,0.185651319,,1.00E-08,0.10028486
5700000000,1.74E-10,0.174028687,,1.85E-10,0.184847608,,9.98E-09,0.099789986
5720000000,1.73E-10,0.173051205,,1.84E-10,0.184059212,,9.93E-09,0.099311781
5740000000,1.72E-10,0.172104678,,1.83E-10,0.183287365,,9.89E-09,0.098850532
5760000000,1.71E-10,0.171189773,,1.83E-10,0.182533254,,9.84E-09,0.0984065
5780000000,1.70E-10,0.1703071,,1.82E-10,0.181798018,,9.80E-09,0.097979924
5800000000,1.69E-10,0.169457222,,1.81E-10,0.181082753,,9.76E-09,0.09757102
5820000000,1.69E-10,0.168640661,,1.80E-10,0.180388515,,9.72E-09,0.097179988
5840000000,1.68E-10,0.167857895,,1.80E-10,0.179716319,,9.68E-09,0.096807012
5860000000,1.67E-10,0.167109375,,1.79E-10,0.179067148,,9.65E-09,0.096452258
5880000000,1.66E-10,0.166395518,,1.78E-10,0.178441951,,9.61E-09,0.096115886
5900000000,1.66E-10,0.16571672,,1.78E-10,0.177841647,,9.58E-09,0.095798041
5920000000,1.65E-10,0.165073357,,1.77E-10,0.177267134,,9.55E-09,0.095498862
5940000000,1.64E-10,0.164465791,,1.77E-10,0.176719284,,9.52E-09,0.095218483
5960000000,1.64E-10,0.163894371,,1.76E-10,0.176198951,,9.50E-09,0.094957031
5980000000,1.63E-10,0.163359441,,1.76E-10,0.175706977,,9.47E-09,0.094714634
6000000000,1.63E-10,0.162861345,,1.75E-10,0.175244192,,9.45E-09,0.094491416
6020000000,1.62E-10,0.162400425,,1.75E-10,0.174811418,,9.43E-09,0.094287504
6040000000,1.62E-10,0.161977032,,1.74E-10,0.174409476,,9.41E-09,0.094103027
6060000000,1.62E-10,0.161591527,,1.74E-10,0.174039187,,9.39E-09,0.093938118
6080000000,1.61E-10,0.161244283,,1.74E-10,0.173701379,,9.38E-09,0.093792917
6100000000,1.61E-10,0.160935692,,1.73E-10,0.173396889,,9.37E-09,0.093667571
6120000000,1.61E-10,0.160666169,,1.73E-10,0.173126569,,9.36E-09,0.093562235
6140000000,1.60E-10,0.160436155,,1.73E-10,0.172891291,,9.35E-09,0.093477078
6160000000,1.60E-10,0.16024612,,1.73E-10,0.172691949,,9.34E-09,0.093412278
6180000000,1.60E-10,0.160096569,,1.73E-10,0.172529469,,9.34E-09,0.09336803
6200000000,1.60E-10,0.159988045,,1.72E-10,0.172404811,,9.33E-09,0.093344543
6220000000,1.60E-10,0.159921137,,1.72E-10,0.172318974,,9.33E-09,0.093342046
6240000000,1.60E-10,0.159896478,,1.72E-10,0.172273005,,9.34E-09,0.093360787
6260000000,1.60E-10,0.159914755,,1.72E-10,0.172268003,,9.34E-09,0.093401032
6280000000,1.60E-10,0.159976714,,1.72E-10,0.172305125,,9.35E-09,0.093463077
6300000000,1.60E-10,0.160083162,,1.72E-10,0.172385595,,9.35E-09,0.093547237
6320000000,1.60E-10,0.160234976,,1.73E-10,0.172510711,,9.37E-09,0.093653861
6340000000,1.60E-10,0.160433106,,1.73E-10,0.172681854,,9.38E-09,0.093783324
6360000000,1.61E-10,0.160678584,,1.73E-10,0.172900493,,9.39E-09,0.093936035
6380000000,1.61E-10,0.160972532,,1.73E-10,0.173168198,,9.41E-09,0.094112439
6400000000,1.61E-10,0.161316163,,1.73E-10,0.173486649,,9.43E-09,0.094313021
6420000000,1.62E-10,0.161710796,,1.74E-10,0.173857648,,9.45E-09,0.094538304
6440000000,1.62E-10,0.162157863,,1.74E-10,0.174283128,,9.48E-09,0.09478886
6460000000,1.63E-10,0.162658915,,1.75E-10,0.174765169,,9.51E-09,0.095065307
6480000000,1.63E-10,0.163215635,,1.75E-10,0.17530601,,9.54E-09,0.095368317
6500000000,1.64E-10,0.163829851,,1.76E-10,0.175908067,,9.57E-09,0.095698621
6520000000,1.65E-10,0.164503544,,1.77E-10,0.176573948,,9.61E-09,0.096057009
6540000000,1.65E-10,0.165238864,,1.77E-10,0.177306472,,9.64E-09,0.09644434
6560000000,1.66E-10,0.166038144,,1.78E-10,0.178108688,,9.69E-09,0.096861547
6580000000,1.67E-10,0.166903917,,1.79E-10,0.178983902,,9.73E-09,0.097309642
6600000000,1.68E-10,0.167838931,,1.80E-10,0.1799357,,9.78E-09,0.097789722
6620000000,1.69E-10,0.168846171,,1.81E-10,0.180967972,,9.83E-09,0.098302983
6640000000,1.70E-10,0.169928882,,1.82E-10,0.182084947,,9.89E-09,0.09885072
6660000000,1.71E-10,0.171090588,,1.83E-10,0.183291228,,9.94E-09,0.099434341
6680000000,1.72E-10,0.172335121,,1.85E-10,0.184591824,,1.00E-08,0.10005538
6700000000,1.74E-10,0.17366665,,1.86E-10,0.185992199,,1.01E-08,0.100715502
6720000000,1.75E-10,0.175089713,,1.87E-10,0.187498311,,1.01E-08,0.101416524
6740000000,1.77E-10,0.176609252,,1.89E-10,0.189116671,,1.02E-08,0.102160422
6760000000,1.78E-10,0.178230652,,1.91E-10,0.190854398,,1.03E-08,0.102949352
6780000000,1.80E-10,0.179959785,,1.93E-10,0.192719282,,1.04E-08,0.103785665
6800000000,1.82E-10,0.181803057,,1.95E-10,0.194719859,,1.05E-08,0.10467193
6820000000,1.84E-10,0.183767463,,1.97E-10,0.196865487,,1.06E-08,0.105610953
6840000000,1.86E-10,0.185860646,,1.99E-10,0.199166444,,1.07E-08,0.106605805
6860000000,1.88E-10,0.188090959,,2.02E-10,0.201634017,,1.08E-08,0.107659847
6880000000,1.90E-10,0.190467541,,2.04E-10,0.204280624,,1.09E-08,0.108776764
6900000000,1.93E-10,0.193000395,,2.07E-10,0.207119933,,1.10E-08,0.109960598
6920000000,1.96E-10,0.195700476,,2.10E-10,0.210167001,,1.11E-08,0.111215788
6940000000,1.99E-10,0.198579785,,2.13E-10,0.21343843,,1.13E-08,0.112547213
6960000000,2.02E-10,0.201651478,,2.17E-10,0.216952537,,1.14E-08,0.113960244
6980000000,2.05E-10,0.204929978,,2.21E-10,0.22072954,,1.15E-08,0.115460794
7000000000,2.08E-10,0.208431098,,2.25E-10,0.224791771,,1.17E-08,0.117055387
7020000000,2.12E-10,0.212172177,,2.29E-10,0.229163898,,1.19E-08,0.11875122
7040000000,2.16E-10,0.216172219,,2.34E-10,0.233873171,,1.21E-08,0.120556244
7060000000,2.20E-10,0.22045204,,2.39E-10,0.238949687,,1.22E-08,0.122479252
7080000000,2.25E-10,0.225034417,,2.44E-10,0.244426666,,1.25E-08,0.12452997
7100000000,2.30E-10,0.22994424,,2.50E-10,0.250340738,,1.27E-08,0.126719168
7120000000,2.35E-10,0.235208647,,2.57E-10,0.25673223,,1.29E-08,0.129058774
7140000000,2.41E-10,0.240857149,,2.64E-10,0.263645436,,1.32E-08,0.131562007
7160000000,2.47E-10,0.24692171,,2.71E-10,0.271128856,,1.34E-08,0.134243512
7180000000,2.53E-10,0.253436777,,2.79E-10,0.279235367,,1.37E-08,0.137119511
7200000000,2.60E-10,0.260439221,,2.88E-10,0.288022278,,1.40E-08,0.140207965
7220000000,2.68E-10,0.267968149,,2.98E-10,0.297551221,,1.44E-08,0.143528729
7240000000,2.76E-10,0.276064526,,3.08E-10,0.307887767,,1.47E-08,0.147103717
7260000000,2.85E-10,0.284770536,,3.19E-10,0.31910067,,1.51E-08,0.150957051
7280000000,2.94E-10,0.294128566,,3.31E-10,0.331260554,,1.55E-08,0.155115175
7300000000,3.04E-10,0.304179685,,3.44E-10,0.344437848,,1.60E-08,0.159606931
7320000000,3.15E-10,0.314961425,,3.59E-10,0.358699662,,1.64E-08,0.164463545
7340000000,3.27E-10,0.326504637,,3.74E-10,0.374105266,,1.70E-08,0.169718476
7360000000,3.39E-10,0.338829122,,3.91E-10,0.390699721,,1.75E-08,0.175407069
7380000000,3.52E-10,0.351937684,,4.09E-10,0.40850516,,1.82E-08,0.1815659
7400000000,3.66E-10,0.365808187,,4.28E-10,0.42750916,,1.88E-08,0.188231673
7420000000,3.80E-10,0.380383164,,4.48E-10,0.447649681,,1.95E-08,0.195439477
7440000000,3.96E-10,0.395556534,,4.69E-10,0.468796191,,2.03E-08,0.203220123
7460000000,4.11E-10,0.411157089,,4.91E-10,0.490726953,,2.12E-08,0.211596194
7480000000,4.27E-10,0.426928644,,5.13E-10,0.513102993,,2.21E-08,0.22057629
7500000000,4.43E-10,0.442507178,,5.35E-10,0.535440182,,2.30E-08,0.230146837
7520000000,4.57E-10,0.457395939,,5.57E-10,0.55708179,,2.40E-08,0.240260559
7540000000,4.71E-10,0.470940279,,5.77E-10,0.577174686,,2.51E-08,0.250820567
7560000000,4.82E-10,0.48230476,,5.95E-10,0.594652058,,2.62E-08,0.261658691
7580000000,4.90E-10,0.490455204,,6.08E-10,0.608222986,,2.73E-08,0.272506415
7600000000,4.94E-10,0.49414717,,6.16E-10,0.616362375,,2.83E-08,0.28295636
7620000000,4.92E-10,0.491918385,,6.17E-10,0.61728112,,2.92E-08,0.292411493
7640000000,4.82E-10,0.482074681,,6.09E-10,0.608831418,,3.00E-08,0.300017595
7660000000,4.63E-10,0.462645256,,5.88E-10,0.588256219,,3.05E-08,0.304570497
7680000000,4.31E-10,0.431261579,,5.52E-10,0.551597215,,3.04E-08,0.304380089
7700000000,3.85E-10,0.384880369,,4.92E-10,0.492349861,,2.97E-08,0.297051432
7720000000,3.19E-10,0.319211833,,3.98E-10,0.398335214,,2.79E-08,0.279095269
7740000000,2.28E-10,0.227596323,,2.44E-10,0.243852407,,2.45E-08,0.245174977
7760000000,9.88E-11,0.09881707,,-3.24E-11,-0.032363256,,1.87E-08,0.186566063
7780000000,-8.72E-11,-0.087213422,,-5.96E-10,-0.596048638,,8.79E-09,0.087908411
7800000000,-3.68E-10,-0.367942294,,-1.89E-09,-1.892639278,,-7.95E-09,-0.079548197
7820000000,-8.13E-10,-0.812851703,,-4.06E-09,-4.058286476,,-3.70E-08,-0.369676877
7840000000,-1.53E-09,-1.528723772,,-4.62E-09,-4.616732131,,-8.60E-08,-0.860486751
7860000000,-2.51E-09,-2.507371574,,-2.76E-09,-2.755583074,,-1.50E-07,-1.499320436
7880000000,-3.00E-09,-3.002274538,,-1.08E-09,-1.080172155,,-1.70E-07,-1.699435371
7900000000,-2.20E-09,-2.200731953,,-3.58E-10,-0.358161818,,-1.18E-07,-1.183105265
7920000000,-1.14E-09,-1.136967803,,-4.49E-11,-0.044902811,,-6.23E-08,-0.622949591
7940000000,-4.77E-10,-0.476597299,,1.07E-10,0.107438359,,-2.76E-08,-0.276310889
7960000000,-1.25E-10,-0.125096685,,1.88E-10,0.18795194,,-8.26E-09,-0.082633402
7980000000,6.29E-11,0.062876445,,2.33E-10,0.232578846,,2.66E-09,0.026621089
8000000000,1.67E-10,0.166881738,,2.58E-10,0.257722047,,9.00E-09,0.089968312
8020000000,2.26E-10,0.226105733,,2.72E-10,0.271642,,1.27E-08,0.127462338
8040000000,2.60E-10,0.260294667,,2.79E-10,0.27882591,,1.50E-08,0.149796288
8060000000,2.80E-10,0.279892968,,2.82E-10,0.281857317,,1.63E-08,0.162927025
8080000000,2.91E-10,0.290704005,,2.82E-10,0.282291828,,1.70E-08,0.170320461
8100000000,2.96E-10,0.296096013,,2.81E-10,0.28109885,,1.74E-08,0.17407091
8120000000,2.98E-10,0.29809682,,2.79E-10,0.278898398,,1.75E-08,0.175483959
8140000000,2.98E-10,0.297964332,,2.76E-10,0.276094629,,1.75E-08,0.175394022
8160000000,2.96E-10,0.296497621,,2.73E-10,0.272954397,,1.74E-08,0.174344758
8180000000,2.94E-10,0.294213594,,2.70E-10,0.269655121,,1.73E-08,0.172695468
8200000000,2.91E-10,0.291450968,,2.66E-10,0.266314844,,1.71E-08,0.170685904
8220000000,2.88E-10,0.288433397,,2.63E-10,0.2630116,,1.68E-08,0.168476862
8240000000,2.85E-10,0.285308854,,2.60E-10,0.259796136,,1.66E-08,0.166176214
8260000000,2.82E-10,0.282174785,,2.57E-10,0.25670045,,1.64E-08,0.163855939
8280000000,2.79E-10,0.279094503,,2.54E-10,0.253743586,,1.62E-08,0.161563468
8300000000,2.76E-10,0.276108067,,2.51E-10,0.250935626,,1.59E-08,0.159329334
8320000000,2.73E-10,0.273239598,,2.48E-10,0.248280467,,1.57E-08,0.157172407
8340000000,2.71E-10,0.270502278,,2.46E-10,0.245777768,,1.55E-08,0.155103504
8360000000,2.68E-10,0.267901792,,2.43E-10,0.243424326,,1.53E-08,0.153127904
8380000000,2.65E-10,0.26543872,,2.41E-10,0.241215045,,1.51E-08,0.151247103
8400000000,2.63E-10,0.263110216,,2.39E-10,0.239143628,,1.49E-08,0.149460055
8420000000,2.61E-10,0.26091118,,2.37E-10,0.237203072,,1.48E-08,0.14776404
8440000000,2.59E-10,0.258835099,,2.35E-10,0.235386008,,1.46E-08,0.146155281
8460000000,2.57E-10,0.256874628,,2.34E-10,0.233684949,,1.45E-08,0.144629377
8480000000,2.55E-10,0.255022007,,2.32E-10,0.232092461,,1.43E-08,0.143181609
8500000000,2.53E-10,0.25326935,,2.31E-10,0.230601275,,1.42E-08,0.141807146
8520000000,2.52E-10,0.25160885,,2.29E-10,0.229204369,,1.41E-08,0.140501195
8540000000,2.50E-10,0.250032914,,2.28E-10,0.227895015,,1.39E-08,0.139259095
8560000000,2.49E-10,0.248534258,,2.27E-10,0.226666808,,1.38E-08,0.138076383
8580000000,2.47E-10,0.247105964,,2.26E-10,0.225513684,,1.37E-08,0.136948833
8600000000,2.46E-10,0.24574152,,2.24E-10,0.224429923,,1.36E-08,0.135872473
8620000000,2.44E-10,0.244434835,,2.23E-10,0.223410145,,1.35E-08,0.134843604
8640000000,2.43E-10,0.243180249,,2.22E-10,0.222449306,,1.34E-08,0.13385879
8660000000,2.42E-10,0.241972527,,2.22E-10,0.221542685,,1.33E-08,0.132914861
8680000000,2.41E-10,0.240806856,,2.21E-10,0.220685873,,1.32E-08,0.132008901
8700000000,2.40E-10,0.239678827,,2.20E-10,0.219874759,,1.31E-08,0.131138236
8720000000,2.39E-10,0.238584428,,2.19E-10,0.219105513,,1.30E-08,0.130300423
8740000000,2.38E-10,0.237520016,,2.18E-10,0.218374576,,1.29E-08,0.129493234
8760000000,2.36E-10,0.236482312,,2.18E-10,0.217678642,,1.29E-08,0.128714643
8780000000,2.35E-10,0.235468372,,2.17E-10,0.217014643,,1.28E-08,0.127962812
8800000000,2.34E-10,0.234475574,,2.16E-10,0.216379741,,1.27E-08,0.127236077
8820000000,2.34E-10,0.233501596,,2.16E-10,0.215771308,,1.27E-08,0.126532935
8840000000,2.33E-10,0.232544403,,2.15E-10,0.215186918,,1.26E-08,0.12585203
8860000000,2.32E-10,0.23160222,,2.15E-10,0.214624334,,1.25E-08,0.125192142
8880000000,2.31E-10,0.230673526,,2.14E-10,0.214081496,,1.25E-08,0.124552177
8900000000,2.30E-10,0.229757024,,2.14E-10,0.213556511,,1.24E-08,0.123931153
8920000000,2.29E-10,0.228851636,,2.13E-10,0.213047644,,1.23E-08,0.123328192
8940000000,2.28E-10,0.227956479,,2.13E-10,0.212553307,,1.23E-08,0.122742511
8960000000,2.27E-10,0.227070854,,2.12E-10,0.212072051,,1.22E-08,0.122173413
8980000000,2.26E-10,0.226194229,,2.12E-10,0.211602555,,1.22E-08,0.121620277
9000000000,2.25E-10,0.225326226,,2.11E-10,0.211143625,,1.21E-08,0.121082555
9020000000,2.24E-10,0.224466606,,2.11E-10,0.210694176,,1.21E-08,0.120559758
9040000000,2.24E-10,0.223615258,,2.10E-10,0.210253236,,1.20E-08,0.120051458
9060000000,2.23E-10,0.222772185,,2.10E-10,0.20981993,,1.20E-08,0.119557275
9080000000,2.22E-10,0.221937491,,2.09E-10,0.209393478,,1.19E-08,0.119076875
9100000000,2.21E-10,0.221111374,,2.09E-10,0.20897319,,1.19E-08,0.118609964
9120000000,2.20E-10,0.220294111,,2.09E-10,0.208558456,,1.18E-08,0.118156285
9140000000,2.19E-10,0.219486049,,2.08E-10,0.208148745,,1.18E-08,0.117715612
9160000000,2.19E-10,0.218687597,,2.08E-10,0.207743596,,1.17E-08,0.117287744
9180000000,2.18E-10,0.217899216,,2.07E-10,0.207342616,,1.17E-08,0.116872507
9200000000,2.17E-10,0.21712141,,2.07E-10,0.206945472,,1.16E-08,0.116469745
9220000000,2.16E-10,0.21635472,,2.07E-10,0.20655189,,1.16E-08,0.116079323
9240000000,2.16E-10,0.215599715,,2.06E-10,0.206161646,,1.16E-08,0.115701116
9260000000,2.15E-10,0.214856984,,2.06E-10,0.205774569,,1.15E-08,0.115335016
9280000000,2.14E-10,0.214127134,,2.05E-10,0.205390527,,1.15E-08,0.114980921
9300000000,2.13E-10,0.213410779,,2.05E-10,0.205009433,,1.15E-08,0.114638741
9320000000,2.13E-10,0.21270854,,2.05E-10,0.204631235,,1.14E-08,0.114308388
9340000000,2.12E-10,0.212021034,,2.04E-10,0.204255915,,1.14E-08,0.11398978
9360000000,2.11E-10,0.211348874,,2.04E-10,0.203883485,,1.14E-08,0.113682839
9380000000,2.11E-10,0.210692666,,2.04E-10,0.203513984,,1.13E-08,0.113387487
9400000000,2.10E-10,0.210052998,,2.03E-10,0.203147476,,1.13E-08,0.113103645
9420000000,2.09E-10,0.209430446,,2.03E-10,0.202784045,,1.13E-08,0.112831235
9440000000,2.09E-10,0.208825563,,2.02E-10,0.202423793,,1.13E-08,0.112570175
9460000000,2.08E-10,0.208238882,,2.02E-10,0.202066839,,1.12E-08,0.112320381
9480000000,2.08E-10,0.207670912,,2.02E-10,0.201713316,,1.12E-08,0.112081766
9500000000,2.07E-10,0.207122132,,2.01E-10,0.201363365,,1.12E-08,0.111854236
9520000000,2.07E-10,0.206592996,,2.01E-10,0.201017139,,1.12E-08,0.111637694
9540000000,2.06E-10,0.206083926,,2.01E-10,0.200674798,,1.11E-08,0.111432034
9560000000,2.06E-10,0.205595312,,2.00E-10,0.200336504,,1.11E-08,0.111237148
9580000000,2.05E-10,0.205127512,,2.00E-10,0.200002426,,1.11E-08,0.111052916
9600000000,2.05E-10,0.204680851,,2.00E-10,0.199672731,,1.11E-08,0.110879216
9620000000,2.04E-10,0.204255616,,1.99E-10,0.199347588,,1.11E-08,0.110715913
9640000000,2.04E-10,0.203852062,,1.99E-10,0.199027165,,1.11E-08,0.110562869
9660000000,2.03E-10,0.203470407,,1.99E-10,0.198711627,,1.10E-08,0.110419935
9680000000,2.03E-10,0.20311083,,1.98E-10,0.198401133,,1.10E-08,0.110286953
9700000000,2.03E-10,0.202773477,,1.98E-10,0.19809584,,1.10E-08,0.110163759
9720000000,2.02E-10,0.202458453,,1.98E-10,0.197795896,,1.10E-08,0.110050178
9740000000,2.02E-10,0.202165827,,1.98E-10,0.197501445,,1.10E-08,0.109946028
9760000000,2.02E-10,0.201895632,,1.97E-10,0.197212622,,1.10E-08,0.109851115
9780000000,2.02E-10,0.201647859,,1.97E-10,0.196929553,,1.10E-08,0.109765241
9800000000,2.01E-10,0.201422465,,1.97E-10,0.196652355,,1.10E-08,0.109688194
9820000000,2.01E-10,0.201219368,,1.96E-10,0.196381136,,1.10E-08,0.109619757
9840000000,2.01E-10,0.201038447,,1.96E-10,0.196115995,,1.10E-08,0.109559702
9860000000,2.01E-10,0.200879545,,1.96E-10,0.195857017,,1.10E-08,0.109507792
9880000000,2.01E-10,0.200742465,,1.96E-10,0.19560428,,1.09E-08,0.109463784
9900000000,2.01E-10,0.200626974,,1.95E-10,0.195357849,,1.09E-08,0.109427422
9920000000,2.01E-10,0.200532803,,1.95E-10,0.195117778,,1.09E-08,0.109398446
9940000000,2.00E-10,0.200459641,,1.95E-10,0.194884111,,1.09E-08,0.109376586
9960000000,2.00E-10,0.200407146,,1.95E-10,0.194656879,,1.09E-08,0.109361563
9980000000,2.00E-10,0.200374934,,1.94E-10,0.194436101,,1.09E-08,0.109353092
10000000000,2.00E-10,0.200362586,,1.94E-10,0.194327328,,1.09E-08,0.10935088
10020000000,2.00E-10,0.200369649,,1.95E-10,0.195069697,,1.09E-08,0.109354626
10040000000,2.00E-10,0.200395631,,1.95E-10,0.194835794,,1.09E-08,0.109364024
10060000000,2.00E-10,0.200440006,,1.95E-10,0.194609732,,1.09E-08,0.109378761
10080000000,2.01E-10,0.200502211,,1.94E-10,0.1943914,,1.09E-08,0.109398515
10100000000,2.01E-10,0.20058165,,1.94E-10,0.194180664,,1.09E-08,0.109422963
10120000000,2.01E-10,0.200677694,,1.94E-10,0.19397737,,1.09E-08,0.109451774
10140000000,2.01E-10,0.200789676,,1.94E-10,0.193781346,,1.09E-08,0.109484614
10160000000,2.01E-10,0.2009169,,1.94E-10,0.193592399,,1.10E-08,0.109521142
10180000000,2.01E-10,0.201058636,,1.93E-10,0.193410323,,1.10E-08,0.109561016
10200000000,2.01E-10,0.201214124,,1.93E-10,0.193234892,,1.10E-08,0.109603891
10220000000,2.01E-10,0.201382571,,1.93E-10,0.193065872,,1.10E-08,0.109649417
10240000000,2.02E-10,0.201563157,,1.93E-10,0.192903013,,1.10E-08,0.109697246
10260000000,2.02E-10,0.201755032,,1.93E-10,0.192746056,,1.10E-08,0.109747026
10280000000,2.02E-10,0.20195732,,1.93E-10,0.192594731,,1.10E-08,0.109798405
10300000000,2.02E-10,0.202169118,,1.92E-10,0.192448762,,1.10E-08,0.109851033
10320000000,2.02E-10,0.202389501,,1.92E-10,0.192307864,,1.10E-08,0.109904559
10340000000,2.03E-10,0.202617518,,1.92E-10,0.19217175,,1.10E-08,0.109958634
10360000000,2.03E-10,0.202852201,,1.92E-10,0.192040126,,1.10E-08,0.110012913
10380000000,2.03E-10,0.20309256,,1.92E-10,0.191912696,,1.10E-08,0.110067054
10400000000,2.03E-10,0.203337589,,1.92E-10,0.191789165,,1.10E-08,0.110120718
10420000000,2.04E-10,0.203586267,,1.92E-10,0.191669236,,1.10E-08,0.110173573
10440000000,2.04E-10,0.203837561,,1.92E-10,0.191552613,,1.10E-08,0.110225292
10460000000,2.04E-10,0.204090429,,1.91E-10,0.191439004,,1.10E-08,0.110275554
10480000000,2.04E-10,0.204343821,,1.91E-10,0.191328119,,1.10E-08,0.110324047
10500000000,2.05E-10,0.20459668,,1.91E-10,0.191219674,,1.10E-08,0.110370466
10520000000,2.05E-10,0.204847951,,1.91E-10,0.191113393,,1.10E-08,0.110414518
10540000000,2.05E-10,0.205096578,,1.91E-10,0.191009002,,1.10E-08,0.110455918
10560000000,2.05E-10,0.205341511,,1.91E-10,0.190906242,,1.10E-08,0.110494393
10580000000,2.06E-10,0.205581707,,1.91E-10,0.190804857,,1.11E-08,0.110529682
10600000000,2.06E-10,0.205816133,,1.91E-10,0.190704608,,1.11E-08,0.110561536
10620000000,2.06E-10,0.206043773,,1.91E-10,0.190605261,,1.11E-08,0.11058972
10640000000,2.06E-10,0.206263626,,1.91E-10,0.190506601,,1.11E-08,0.110614014
10660000000,2.06E-10,0.206474716,,1.90E-10,0.19040842,,1.11E-08,0.110634213
10680000000,2.07E-10,0.206676089,,1.90E-10,0.190310531,,1.11E-08,0.110650126
10700000000,2.07E-10,0.20686682,,1.90E-10,0.190212756,,1.11E-08,0.110661581
10720000000,2.07E-10,0.207046018,,1.90E-10,0.190114938,,1.11E-08,0.110668421
10740000000,2.07E-10,0.207212826,,1.90E-10,0.190016935,,1.11E-08,0.110670509
10760000000,2.07E-10,0.207366428,,1.90E-10,0.189918622,,1.11E-08,0.110667723
10780000000,2.08E-10,0.207506049,,1.90E-10,0.189819894,,1.11E-08,0.110659962
10800000000,2.08E-10,0.207630959,,1.90E-10,0.189720665,,1.11E-08,0.110647145
10820000000,2.08E-10,0.207740481,,1.90E-10,0.189620866,,1.11E-08,0.110629207
10840000000,2.08E-10,0.207833985,,1.90E-10,0.189520452,,1.11E-08,0.110606105
10860000000,2.08E-10,0.207910901,,1.89E-10,0.189419398,,1.11E-08,0.110577818
10880000000,2.08E-10,0.207970712,,1.89E-10,0.189317699,,1.11E-08,0.110544342
10900000000,2.08E-10,0.208012965,,1.89E-10,0.189215372,,1.11E-08,0.110505694
10920000000,2.08E-10,0.208037268,,1.89E-10,0.189112459,,1.10E-08,0.110461913
10940000000,2.08E-10,0.208043292,,1.89E-10,0.189009021,,1.10E-08,0.110413058
10960000000,2.08E-10,0.208030775,,1.89E-10,0.188905145,,1.10E-08,0.110359208
10980000000,2.08E-10,0.207999524,,1.89E-10,0.188800941,,1.10E-08,0.110300463
11000000000,2.08E-10,0.207949413,,1.89E-10,0.188696541,,1.10E-08,0.110236943
11020000000,2.08E-10,0.207880386,,1.89E-10,0.188592103,,1.10E-08,0.110168788
11040000000,2.08E-10,0.207792457,,1.88E-10,0.188487807,,1.10E-08,0.110096158
11060000000,2.08E-10,0.207685711,,1.88E-10,0.18838386,,1.10E-08,0.110019233
11080000000,2.08E-10,0.207560304,,1.88E-10,0.188280492,,1.10E-08,0.109938211
11100000000,2.07E-10,0.207416461,,1.88E-10,0.188177959,,1.10E-08,0.10985331
11120000000,2.07E-10,0.207254476,,1.88E-10,0.188076539,,1.10E-08,0.109764766
11140000000,2.07E-10,0.207074714,,1.88E-10,0.187976538,,1.10E-08,0.109672834
11160000000,2.07E-10,0.206877607,,1.88E-10,0.187878287,,1.10E-08,0.109577784
11180000000,2.07E-10,0.206663651,,1.88E-10,0.187782141,,1.09E-08,0.109479905
11200000000,2.06E-10,0.206433409,,1.88E-10,0.187688481,,1.09E-08,0.109379502
11220000000,2.06E-10,0.206187506,,1.88E-10,0.187597714,,1.09E-08,0.109276897
11240000000,2.06E-10,0.205926628,,1.88E-10,0.187510272,,1.09E-08,0.109172425
11260000000,2.06E-10,0.205651518,,1.87E-10,0.187426613,,1.09E-08,0.109066437
11280000000,2.05E-10,0.205362976,,1.87E-10,0.187347222,,1.09E-08,0.108959299
11300000000,2.05E-10,0.205061857,,1.87E-10,0.187272609,,1.09E-08,0.10885139
11320000000,2.05E-10,0.204749065,,1.87E-10,0.187203313,,1.09E-08,0.108743103
11340000000,2.04E-10,0.204425552,,1.87E-10,0.187139897,,1.09E-08,0.108634842
11360000000,2.04E-10,0.204092317,,1.87E-10,0.187082954,,1.09E-08,0.108527026
11380000000,2.04E-10,0.203750402,,1.87E-10,0.187033104,,1.08E-08,0.108420082
11400000000,2.03E-10,0.203400887,,1.87E-10,0.186990994,,1.08E-08,0.108314452
11420000000,2.03E-10,0.203044891,,1.87E-10,0.186957303,,1.08E-08,0.108210587
11440000000,2.03E-10,0.202683566,,1.87E-10,0.186932737,,1.08E-08,0.10810895
11460000000,2.02E-10,0.202318099,,1.87E-10,0.186918035,,1.08E-08,0.108010011
11480000000,2.02E-10,0.201949704,,1.87E-10,0.186913967,,1.08E-08,0.107914255
11500000000,2.02E-10,0.201579621,,1.87E-10,0.186921335,,1.08E-08,0.107822174
11520000000,2.01E-10,0.201209119,,1.87E-10,0.186940976,,1.08E-08,0.107734269
11540000000,2.01E-10,0.200839486,,1.87E-10,0.186973762,,1.08E-08,0.107651054
11560000000,2.00E-10,0.200472032,,1.87E-10,0.187020604,,1.08E-08,0.10757305
11580000000,2.00E-10,0.200108088,,1.87E-10,0.187082449,,1.08E-08,0.107500789
11600000000,2.00E-10,0.199749001,,1.87E-10,0.187160288,,1.07E-08,0.107434813
11620000000,1.99E-10,0.199396135,,1.87E-10,0.187255155,,1.07E-08,0.107375676
11640000000,1.99E-10,0.19905087,,1.87E-10,0.18736813,,1.07E-08,0.107323941
11660000000,1.99E-10,0.198714602,,1.88E-10,0.187500341,,1.07E-08,0.107280183
11680000000,1.98E-10,0.19838874,,1.88E-10,0.18765297,,1.07E-08,0.10724499
11700000000,1.98E-10,0.198074709,,1.88E-10,0.187827256,,1.07E-08,0.107218962
11720000000,1.98E-10,0.197773947,,1.88E-10,0.188024496,,1.07E-08,0.107202713
11740000000,1.97E-10,0.197487909,,1.88E-10,0.188246053,,1.07E-08,0.107196872
11760000000,1.97E-10,0.197218066,,1.88E-10,0.188493361,,1.07E-08,0.107202085
11780000000,1.97E-10,0.196965905,,1.89E-10,0.188767928,,1.07E-08,0.107219014
11800000000,1.97E-10,0.196732934,,1.89E-10,0.189071344,,1.07E-08,0.107248342
11820000000,1.97E-10,0.196520679,,1.89E-10,0.189405288,,1.07E-08,0.107290769
11840000000,1.96E-10,0.196330693,,1.90E-10,0.189771537,,1.07E-08,0.107347023
11860000000,1.96E-10,0.196164552,,1.90E-10,0.190171972,,1.07E-08,0.107417852
11880000000,1.96E-10,0.196023862,,1.91E-10,0.190608588,,1.08E-08,0.107504036
11900000000,1.96E-10,0.195910263,,1.91E-10,0.191083506,,1.08E-08,0.107606382
11920000000,1.96E-10,0.195825429,,1.92E-10,0.191598986,,1.08E-08,0.107725731
11940000000,1.96E-10,0.195771078,,1.92E-10,0.192157436,,1.08E-08,0.107862962
11960000000,1.96E-10,0.195748973,,1.93E-10,0.19276143,,1.08E-08,0.108018993
11980000000,1.96E-10,0.19576093,,1.93E-10,0.193413724,,1.08E-08,0.108194785
12000000000,1.96E-10,0.195808822,,1.94E-10,0.194117273,,1.08E-08,0.108391352
12020000000,1.96E-10,0.195894587,,1.95E-10,0.194875254,,1.09E-08,0.108609759
12040000000,1.96E-10,0.196020235,,1.96E-10,0.195691083,,1.09E-08,0.108851131
12060000000,1.96E-10,0.196187857,,1.97E-10,0.19656845,,1.09E-08,0.10911666
12080000000,1.96E-10,0.196399633,,1.98E-10,0.197511336,,1.09E-08,0.109407611
12100000000,1.97E-10,0.196657839,,1.99E-10,0.198524056,,1.10E-08,0.109725327
12120000000,1.97E-10,0.19696486,,2.00E-10,0.199611286,,1.10E-08,0.110071243
12140000000,1.97E-10,0.197323202,,2.01E-10,0.200778108,,1.10E-08,0.110446889
12160000000,1.98E-10,0.197735499,,2.02E-10,0.202030055,,1.11E-08,0.110853905
12180000000,1.98E-10,0.198204528,,2.03E-10,0.203373159,,1.11E-08,0.11129405
12200000000,1.99E-10,0.198733222,,2.05E-10,0.204814011,,1.12E-08,0.111769216
12220000000,1.99E-10,0.199324684,,2.06E-10,0.206359825,,1.12E-08,0.112281441
12240000000,2.00E-10,0.199982198,,2.08E-10,0.208018506,,1.13E-08,0.112832923
12260000000,2.01E-10,0.200709247,,2.10E-10,0.209798737,,1.13E-08,0.113426041
12280000000,2.02E-10,0.201509524,,2.12E-10,0.211710069,,1.14E-08,0.114063369
12300000000,2.02E-10,0.202386947,,2.14E-10,0.213763023,,1.15E-08,0.114747702
12320000000,2.03E-10,0.203345673,,2.16E-10,0.215969206,,1.15E-08,0.115482071
12340000000,2.04E-10,0.204390106,,2.18E-10,0.218341445,,1.16E-08,0.116269777
12360000000,2.06E-10,0.205524907,,2.21E-10,0.220893928,,1.17E-08,0.117114409
12380000000,2.07E-10,0.206754997,,2.24E-10,0.223642372,,1.18E-08,0.11801988
12400000000,2.08E-10,0.208085554,,2.27E-10,0.226604204,,1.19E-08,0.118990453
12420000000,2.10E-10,0.209521995,,2.30E-10,0.229798765,,1.20E-08,0.120030776
12440000000,2.11E-10,0.211069959,,2.33E-10,0.233247527,,1.21E-08,0.121145916
12460000000,2.13E-10,0.212735253,,2.37E-10,0.236974341,,1.22E-08,0.122341391
12480000000,2.15E-10,0.214523783,,2.41E-10,0.241005694,,1.24E-08,0.123623203
12500000000,2.16E-10,0.216441447,,2.45E-10,0.245370978,,1.25E-08,0.124997868
12520000000,2.18E-10,0.218493975,,2.50E-10,0.25010277,,1.26E-08,0.126472436
12540000000,2.21E-10,0.220686706,,2.55E-10,0.255237094,,1.28E-08,0.128054499
12560000000,2.23E-10,0.223024264,,2.61E-10,0.260813646,,1.30E-08,0.129752183
12580000000,2.26E-10,0.225510111,,2.67E-10,0.266875952,,1.32E-08,0.131574098
12600000000,2.28E-10,0.228145922,,2.73E-10,0.273471383,,1.34E-08,0.133529252
12620000000,2.31E-10,0.230930714,,2.81E-10,0.280650951,,1.36E-08,0.135626879
12640000000,2.34E-10,0.233859647,,2.88E-10,0.288468734,,1.38E-08,0.137876169
12660000000,2.37E-10,0.23692235,,2.97E-10,0.296980729,,1.40E-08,0.140285819
12680000000,2.40E-10,0.240100614,,3.06E-10,0.306242817,,1.43E-08,0.142863356
12700000000,2.43E-10,0.243365189,,3.16E-10,0.316307355,,1.46E-08,0.145614086
12720000000,2.47E-10,0.246671321,,3.27E-10,0.327217697,,1.49E-08,0.148539509
12740000000,2.50E-10,0.249952548,,3.39E-10,0.338999565,,1.52E-08,0.151634918
12760000000,2.53E-10,0.25311201,,3.52E-10,0.351647659,,1.55E-08,0.154885797
12780000000,2.56E-10,0.256010263,,3.65E-10,0.365105089,,1.58E-08,0.158262358
12800000000,2.58E-10,0.258448113,,3.79E-10,0.379231949,,1.62E-08,0.161711281
12820000000,2.60E-10,0.26014233,,3.94E-10,0.393757427,,1.65E-08,0.165143097
12840000000,2.61E-10,0.260691133,,4.08E-10,0.408206774,,1.68E-08,0.168412816
12860000000,2.60E-10,0.259524903,,4.22E-10,0.421789499,,1.71E-08,0.171289836
12880000000,2.56E-10,0.255835437,,4.33E-10,0.433226555,,1.73E-08,0.1734107
12900000000,2.48E-10,0.24847377,,4.40E-10,0.440478892,,1.74E-08,0.174203874
12920000000,2.36E-10,0.235801612,,4.40E-10,0.440309867,,1.73E-08,0.172768066
12940000000,2.15E-10,0.215473568,,4.28E-10,0.427552942,,1.68E-08,0.167671919
12960000000,1.84E-10,0.184114759,,3.94E-10,0.393825657,,1.57E-08,0.15661803
12980000000,1.37E-10,0.136838485,,3.25E-10,0.325150565,,1.36E-08,0.135869627
13000000000,6.65E-11,0.066518522,,1.97E-10,0.197388144,,9.93E-09,0.099263401
13020000000,-3.73E-11,-0.037303442,,-3.23E-11,-0.032280655,,3.65E-09,0.03654036
13040000000,-1.90E-10,-0.189974188,,-4.37E-10,-0.436863684,,-6.92E-09,-0.06918556
13060000000,-4.13E-10,-0.413463751,,-1.10E-09,-1.10298479,,-2.44E-08,-0.243553867
13080000000,-7.36E-10,-0.735869129,,-1.95E-09,-1.947059437,,-5.13E-08,-0.513428074
13100000000,-1.18E-09,-1.177303845,,-2.42E-09,-2.422050938,,-8.56E-08,-0.855688213
13120000000,-1.68E-09,-1.684996399,,-2.06E-09,-2.061132899,,-1.09E-07,-1.08630258
13140000000,-1.99E-09,-1.987597365,,-1.25E-09,-1.24616986,,-9.70E-08,-0.96966569
13160000000,-1.68E-09,-1.68354884,,-5.66E-10,-0.565733335,,-6.15E-08,-0.614818605
13180000000,-9.15E-10,-0.914620241,,-1.48E-10,-0.147844929,,-2.77E-08,-0.277025347
13200000000,-2.21E-10,-0.220541552,,8.92E-11,0.089241329,,-4.28E-09,-0.042763778
13220000000,2.06E-10,0.206212411,,2.22E-10,0.222131849,,1.02E-08,0.102454208
13240000000,4.28E-10,0.428305334,,2.96E-10,0.295956321,,1.88E-08,0.187765179
13260000000,5.31E-10,0.531168584,,3.36E-10,0.3356393,,2.35E-08,0.235158046
13280000000,5.70E-10,0.569631126,,3.55E-10,0.355168518,,2.59E-08,0.258942831
13300000000,5.74E-10,0.574190042,,3.63E-10,0.36264668,,2.68E-08,0.268194226
13320000000,5.61E-10,0.561391613,,3.63E-10,0.362908812,,2.69E-08,0.268671372
13340000000,5.40E-10,0.540255888,,3.59E-10,0.358907258,,2.64E-08,0.264035371
13360000000,5.16E-10,0.515729792,,3.52E-10,0.35247318,,2.57E-08,0.256604267
13380000000,4.91E-10,0.49051393,,3.45E-10,0.344751885,,2.48E-08,0.24782974
13400000000,4.66E-10,0.46604715,,3.36E-10,0.336460414,,2.39E-08,0.23860396
13420000000,4.43E-10,0.443051229,,3.28E-10,0.328044333,,2.29E-08,0.229459257
13440000000,4.22E-10,0.421839494,,3.20E-10,0.319775377,,2.21E-08,0.220698433
13460000000,4.02E-10,0.402494914,,3.12E-10,0.311813344,,2.12E-08,0.21247962
13480000000,3.85E-10,0.384974032,,3.04E-10,0.30424587,,2.05E-08,0.204871287
13500000000,3.69E-10,0.369167908,,2.97E-10,0.297114257,,1.98E-08,0.197887641
13520000000,3.55E-10,0.354937698,,2.90E-10,0.290430355,,1.92E-08,0.191511242
13540000000,3.42E-10,0.342135154,,2.84E-10,0.284187661,,1.86E-08,0.185707291
13560000000,3.31E-10,0.330614099,,2.78E-10,0.278368612,,1.80E-08,0.180432542
13580000000,3.20E-10,0.320236511,,2.73E-10,0.272949378,,1.76E-08,0.175640747
13600000000,3.11E-10,0.310875402,,2.68E-10,0.267902989,,1.71E-08,0.171285896
13620000000,3.02E-10,0.302415825,,2.63E-10,0.263201357,,1.67E-08,0.16732405
13640000000,2.95E-10,0.294754831,,2.59E-10,0.258816559,,1.64E-08,0.163714298
13660000000,2.88E-10,0.287800839,,2.55E-10,0.254721624,,1.60E-08,0.160419166
13680000000,2.81E-10,0.281472737,,2.51E-10,0.250890993,,1.57E-08,0.157404709
13700000000,2.76E-10,0.275698873,,2.47E-10,0.247300764,,1.55E-08,0.154640401
13720000000,2.70E-10,0.270416046,,2.44E-10,0.243928791,,1.52E-08,0.152098933
13740000000,2.66E-10,0.265568542,,2.41E-10,0.240754697,,1.50E-08,0.149755953
13760000000,2.61E-10,0.261107246,,2.38E-10,0.237759824,,1.48E-08,0.147589796
13780000000,2.57E-10,0.256988844,,2.35E-10,0.234927158,,1.46E-08,0.145581212
13800000000,2.53E-10,0.253175109,,2.32E-10,0.232241223,,1.44E-08,0.143713111
13820000000,2.50E-10,0.249632273,,2.30E-10,0.22968798,,1.42E-08,0.141970325
13840000000,2.46E-10,0.24633048,,2.27E-10,0.227254712,,1.40E-08,0.140339395
13860000000,2.43E-10,0.243243302,,2.25E-10,0.224929918,,1.39E-08,0.138808374
13880000000,2.40E-10,0.240347321,,2.23E-10,0.222703211,,1.37E-08,0.137366658
13900000000,2.38E-10,0.237621769,,2.21E-10,0.220565221,,1.36E-08,0.13600483
13920000000,2.35E-10,0.235048208,,2.19E-10,0.218507502,,1.35E-08,0.134714528
13940000000,2.33E-10,0.232610256,,2.17E-10,0.216522453,,1.33E-08,0.133488324
13960000000,2.30E-10,0.230293348,,2.15E-10,0.214603237,,1.32E-08,0.132319618
13980000000,2.28E-10,0.22808453,,2.13E-10,0.212743716,,1.31E-08,0.131202549
14000000000,2.26E-10,0.225972275,,2.11E-10,0.210938383,,1.30E-08,0.130131911
14020000000,2.24E-10,0.223946325,,2.09E-10,0.209182306,,1.29E-08,0.12910308
14040000000,2.22E-10,0.22199755,,2.07E-10,0.207471074,,1.28E-08,0.128111956
14060000000,2.20E-10,0.22011783,,2.06E-10,0.205800752,,1.27E-08,0.127154899
14080000000,2.18E-10,0.218299946,,2.04E-10,0.204167832,,1.26E-08,0.126228689
14100000000,2.17E-10,0.216537485,,2.03E-10,0.202569199,,1.25E-08,0.125330473
14120000000,2.15E-10,0.214824755,,2.01E-10,0.201002093,,1.24E-08,0.124457734
14140000000,2.13E-10,0.213156714,,1.99E-10,0.199464073,,1.24E-08,0.12360825
14160000000,2.12E-10,0.211528902,,1.98E-10,0.197952991,,1.23E-08,0.122780065
14180000000,2.10E-10,0.209937383,,1.96E-10,0.196466965,,1.22E-08,0.121971465
14200000000,2.08E-10,0.208378693,,1.95E-10,0.19500435,,1.21E-08,0.121180947
14220000000,2.07E-10,0.206849792,,1.94E-10,0.193563718,,1.20E-08,0.120407202
14240000000,2.05E-10,0.205348021,,1.92E-10,0.192143839,,1.20E-08,0.119649093
14260000000,2.04E-10,0.203871067,,1.91E-10,0.190743659,,1.19E-08,0.118905635
14280000000,2.02E-10,0.202416925,,1.89E-10,0.189362282,,1.18E-08,0.118175984
14300000000,2.01E-10,0.200983871,,1.88E-10,0.187998958,,1.17E-08,0.117459416
14320000000,2.00E-10,0.19957043,,1.87E-10,0.186653065,,1.17E-08,0.11675532
14340000000,1.98E-10,0.198175352,,1.85E-10,0.185324096,,1.16E-08,0.116063181
14360000000,1.97E-10,0.19679759,,1.84E-10,0.184011651,,1.15E-08,0.115382572
14380000000,1.95E-10,0.195436277,,1.83E-10,0.182715418,,1.15E-08,0.114713144
14400000000,1.94E-10,0.194090709,,1.81E-10,0.181435172,,1.14E-08,0.114054616
14420000000,1.93E-10,0.192760323,,1.80E-10,0.180170756,,1.13E-08,0.113406767
14440000000,1.91E-10,0.191444688,,1.79E-10,0.178922082,,1.13E-08,0.112769432
14460000000,1.90E-10,0.190143485,,1.78E-10,0.177689117,,1.12E-08,0.112142488
14480000000,1.89E-10,0.188856493,,1.76E-10,0.176471878,,1.12E-08,0.111525857
14500000000,1.88E-10,0.187583583,,1.75E-10,0.175270425,,1.11E-08,0.110919494
14520000000,1.86E-10,0.1863247,,1.74E-10,0.174084855,,1.10E-08,0.110323385
14540000000,1.85E-10,0.185079857,,1.73E-10,0.1729153,,1.10E-08,0.109737542
14560000000,1.84E-10,0.183849127,,1.72E-10,0.171761918,,1.09E-08,0.109161997
14580000000,1.83E-10,0.18263263,,1.71E-10,0.170624888,,1.09E-08,0.108596803
14600000000,1.81E-10,0.181430528,,1.70E-10,0.169504414,,1.08E-08,0.108042027
14620000000,1.80E-10,0.18024302,,1.68E-10,0.16840071,,1.07E-08,0.107497747
14640000000,1.79E-10,0.179070333,,1.67E-10,0.167314009,,1.07E-08,0.106964052
14660000000,1.78E-10,0.177912719,,1.66E-10,0.16624455,,1.06E-08,0.106441037
14680000000,1.77E-10,0.176770448,,1.65E-10,0.165192582,,1.06E-08,0.105928803
14700000000,1.76E-10,0.175643803,,1.64E-10,0.164158359,,1.05E-08,0.105427453
14720000000,1.75E-10,0.17453308,,1.63E-10,0.163142142,,1.05E-08,0.104937093
14740000000,1.73E-10,0.17343858,,1.62E-10,0.16214419,,-1.94E-08,-0.19425029
14760000000,1.72E-10,0.172360608,,1.61E-10,0.161164768,,1.04E-08,0.103989762
14780000000,1.71E-10,0.171299471,,1.60E-10,0.160204137,,1.04E-08,0.103532998
14800000000,1.70E-10,0.170255475,,1.59E-10,0.159262561,,1.03E-08,0.103087633
14820000000,1.69E-10,0.169228921,,1.58E-10,0.158340299,,1.03E-08,0.102653761
14840000000,1.68E-10,0.168220107,,1.57E-10,0.157437612,,1.02E-08,0.102231474
14860000000,1.67E-10,0.167229323,,1.57E-10,0.156554756,,1.02E-08,0.101820854
14880000000,1.66E-10,0.166256853,,1.56E-10,0.155691983,,1.01E-08,0.10142198
14900000000,1.65E-10,0.165302971,,1.55E-10,0.154849546,,1.01E-08,0.101034924
14920000000,1.64E-10,0.164367942,,1.54E-10,0.15402769,,1.01E-08,0.10065975
14940000000,1.63E-10,0.163452021,,1.53E-10,0.153226663,,1.00E-08,0.100296515
14960000000,1.63E-10,0.162555453,,1.52E-10,0.152446704,,9.99E-09,0.099945271
14980000000,1.62E-10,0.161678472,,1.52E-10,0.151688054,,9.96E-09,0.099606059
15000000000,1.61E-10,0.160821299,,1.51E-10,0.151314085,,9.93E-09,0.099278913
15020000000,1.60E-10,0.159984146,,1.55E-10,0.154614829,,9.90E-09,0.098963862
15040000000,1.59E-10,0.159167215,,1.53E-10,0.153479181,,9.87E-09,0.098660924
15060000000,1.58E-10,0.158370693,,1.52E-10,0.152383425,,9.84E-09,0.098370108
15080000000,1.58E-10,0.157594761,,1.51E-10,0.151327404,,9.81E-09,0.098091418
15100000000,1.57E-10,0.156839585,,1.50E-10,0.150310914,,9.78E-09,0.097824848
15120000000,1.56E-10,0.156105324,,1.49E-10,0.149333712,,9.76E-09,0.097570385
15140000000,1.55E-10,0.155392126,,1.48E-10,0.14839552,,9.73E-09,0.097328004
15160000000,1.55E-10,0.15470013,,1.47E-10,0.147496035,,9.71E-09,0.097097678
15180000000,1.54E-10,0.154029466,,1.47E-10,0.146634928,,9.69E-09,0.096879366
15200000000,1.53E-10,0.153380254,,1.46E-10,0.145811856,,9.67E-09,0.096673021
15220000000,1.53E-10,0.152752608,,1.45E-10,0.145026461,,9.65E-09,0.09647859
15240000000,1.52E-10,0.152146632,,1.44E-10,0.144278375,,9.63E-09,0.096296007
15260000000,1.52E-10,0.151562427,,1.44E-10,0.143567227,,9.61E-09,0.096125202
15280000000,1.51E-10,0.151000083,,1.43E-10,0.142892642,,9.60E-09,0.095966094
15300000000,1.50E-10,0.150459687,,1.42E-10,0.142254249,,9.58E-09,0.095818596
15320000000,1.50E-10,0.149941319,,1.42E-10,0.141651678,,9.57E-09,0.09568261
15340000000,1.49E-10,0.149445055,,1.41E-10,0.141084569,,9.56E-09,0.095558032
15360000000,1.49E-10,0.148970964,,1.41E-10,0.140552568,,9.54E-09,0.095444748
15380000000,1.49E-10,0.148519115,,1.40E-10,0.140055334,,9.53E-09,0.095342637
15400000000,1.48E-10,0.14808957,,1.40E-10,0.139592539,,9.53E-09,0.095251568
15420000000,1.48E-10,0.147682389,,1.39E-10,0.13916387,,9.52E-09,0.095171402
15440000000,1.47E-10,0.147297631,,1.39E-10,0.13876903,,9.51E-09,0.095101992
15460000000,1.47E-10,0.146935349,,1.38E-10,0.138407742,,9.50E-09,0.095043181
15480000000,1.47E-10,0.146595598,,1.38E-10,0.138079745,,9.50E-09,0.094994805
15500000000,1.46E-10,0.14627843,,1.38E-10,0.137784803,,9.50E-09,0.09495669
15520000000,1.46E-10,0.145983894,,1.38E-10,0.137522696,,9.49E-09,0.094928652
15540000000,1.46E-10,0.145712042,,1.37E-10,0.137293233,,9.49E-09,0.094910501
15560000000,1.45E-10,0.145462922,,1.37E-10,0.137096241,,9.49E-09,0.094902034
15580000000,1.45E-10,0.145236585,,1.37E-10,0.136931575,,9.49E-09,0.094903041
15600000000,1.45E-10,0.145033079,,1.37E-10,0.136799112,,9.49E-09,0.094913304
15620000000,1.45E-10,0.144852454,,1.37E-10,0.136698758,,9.49E-09,0.094932592
15640000000,1.45E-10,0.144694761,,1.37E-10,0.136630442,,9.50E-09,0.094960667
15660000000,1.45E-10,0.144560052,,1.37E-10,0.136594123,,9.50E-09,0.094997281
15680000000,1.44E-10,0.144448376,,1.37E-10,0.136589783,,9.50E-09,0.095042177
15700000000,1.44E-10,0.144359789,,1.37E-10,0.136617436,,9.51E-09,0.095095086
15720000000,1.44E-10,0.144294344,,1.37E-10,0.13667712,,9.52E-09,0.095155732
15740000000,1.44E-10,0.144252097,,1.37E-10,0.136768905,,9.52E-09,0.095223828
15760000000,1.44E-10,0.144233104,,1.37E-10,0.136892887,,9.53E-09,0.095299078
15780000000,1.44E-10,0.144237423,,1.37E-10,0.13704919,,9.54E-09,0.095381175
15800000000,1.44E-10,0.144265115,,1.37E-10,0.13723797,,9.55E-09,0.095469804
15820000000,1.44E-10,0.144316239,,1.37E-10,0.137459408,,9.56E-09,0.095564639
15840000000,1.44E-10,0.144390857,,1.38E-10,0.137713717,,9.57E-09,0.095665346
15860000000,1.44E-10,0.144489033,,1.38E-10,0.138001138,,9.58E-09,0.09577158
15880000000,1.45E-10,0.14461083,,1.38E-10,0.138321939,,9.59E-09,0.09588299
15900000000,1.45E-10,0.144756314,,1.39E-10,0.138676418,,9.60E-09,0.095999213
15920000000,1.45E-10,0.144925549,,1.39E-10,0.139064903,,9.61E-09,0.09611988
15940000000,1.45E-10,0.145118603,,1.39E-10,0.139487748,,9.62E-09,0.096244611
15960000000,1.45E-10,0.145335541,,1.40E-10,0.139945334,,9.64E-09,0.096373021
15980000000,1.46E-10,0.145576429,,1.40E-10,0.140438071,,9.65E-09,0.096504716
16000000000,1.46E-10,0.145841334,,1.41E-10,0.140966394,,9.66E-09,0.096639295
16020000000,1.46E-10,0.14613032,,1.42E-10,0.141530766,,9.68E-09,0.096776352
16040000000,1.46E-10,0.146443452,,1.42E-10,0.142131672,,9.69E-09,0.096915475
16060000000,1.47E-10,0.146780792,,1.43E-10,0.142769623,,9.71E-09,0.097056244
16080000000,1.47E-10,0.1471424,,1.43E-10,0.143445151,,9.72E-09,0.097198238
16100000000,1.48E-10,0.147528336,,1.44E-10,0.144158811,,9.73E-09,0.097341031
16120000000,1.48E-10,0.147938654,,1.45E-10,0.144911177,,9.75E-09,0.097484195
16140000000,1.48E-10,0.148373407,,1.46E-10,0.14570284,,9.76E-09,0.097627298
16160000000,1.49E-10,0.148832642,,1.47E-10,0.146534409,,9.78E-09,0.09776991
16180000000,1.49E-10,0.149316403,,1.47E-10,0.147406505,,9.79E-09,0.097911598
16200000000,1.50E-10,0.149824728,,1.48E-10,0.14831976,,9.81E-09,0.098051933
16220000000,1.50E-10,0.150357651,,1.49E-10,0.149274816,,9.82E-09,0.098190486
16240000000,1.51E-10,0.150915196,,1.50E-10,0.150272318,,9.83E-09,0.098326833
16260000000,1.51E-10,0.151497384,,1.51E-10,0.151312914,,9.85E-09,0.098460554
16280000000,1.52E-10,0.152104226,,1.52E-10,0.152397247,,9.86E-09,0.098591236
16300000000,1.53E-10,0.152735724,,1.54E-10,0.153525955,,9.87E-09,0.098718473
16320000000,1.53E-10,0.153391873,,1.55E-10,0.154699664,,9.88E-09,0.098841867
16340000000,1.54E-10,0.154072656,,1.56E-10,0.15591898,,9.90E-09,0.098961033
16360000000,1.55E-10,0.154778048,,1.57E-10,0.15718449,,9.91E-09,0.099075594
16380000000,1.56E-10,0.15550801,,1.58E-10,0.158496748,,9.92E-09,0.09918519
16400000000,1.56E-10,0.156262493,,1.60E-10,0.159856271,,9.93E-09,0.099289475
16420000000,1.57E-10,0.157041437,,1.61E-10,0.161263532,,9.94E-09,0.099388118
16440000000,1.58E-10,0.157844766,,1.63E-10,0.162718952,,9.95E-09,0.099480809
16460000000,1.59E-10,0.158672393,,1.64E-10,0.164222886,,9.96E-09,0.099567255
16480000000,1.60E-10,0.159524218,,1.66E-10,0.165775621,,9.96E-09,0.099647188
16500000000,1.60E-10,0.160400124,,1.67E-10,0.167377359,,9.97E-09,0.09972036
16520000000,1.61E-10,0.161299982,,1.69E-10,0.169028207,,9.98E-09,0.09978655
16540000000,1.62E-10,0.162223651,,1.71E-10,0.170728168,,9.98E-09,0.099845562
16560000000,1.63E-10,0.163170971,,1.72E-10,0.172477123,,9.99E-09,0.09989723
16580000000,1.64E-10,0.164141773,,1.74E-10,0.174274823,,9.99E-09,0.099941417
16600000000,1.65E-10,0.165135872,,1.76E-10,0.176120869,,1.00E-08,0.099978018
16620000000,1.66E-10,0.166153074,,1.78E-10,0.178014703,,1.00E-08,0.10000696
16640000000,1.67E-10,0.167193169,,1.80E-10,0.179955586,,1.00E-08,0.100028206
16660000000,1.68E-10,0.168255943,,1.82E-10,0.181942588,,1.00E-08,0.100041757
16680000000,1.69E-10,0.169341169,,1.84E-10,0.183974567,,1.00E-08,0.100047648
16700000000,1.70E-10,0.170448618,,1.86E-10,0.186050156,,1.00E-08,0.100045958
16720000000,1.72E-10,0.171578056,,1.88E-10,0.188167743,,1.00E-08,0.100036804
16740000000,1.73E-10,0.17272925,,1.90E-10,0.190325459,,1.00E-08,0.100020348
16760000000,1.74E-10,0.17390197,,1.93E-10,0.192521156,,1.00E-08,0.099996796
16780000000,1.75E-10,0.175095995,,1.95E-10,0.194752397,,1.00E-08,0.099966399
16800000000,1.76E-10,0.176311118,,1.97E-10,0.197016441,,9.99E-09,0.099929458
16820000000,1.78E-10,0.17754715,,1.99E-10,0.199310227,,9.99E-09,0.099886321
16840000000,1.79E-10,0.178803929,,2.02E-10,0.201630368,,9.98E-09,0.099837391
16860000000,1.80E-10,0.180081328,,2.04E-10,0.20397314,,9.98E-09,0.099783121
16880000000,1.81E-10,0.18137926,,2.06E-10,0.206334477,,9.97E-09,0.099724021
16900000000,1.83E-10,0.182697694,,2.09E-10,0.208709969,,9.97E-09,0.099660659
16920000000,1.84E-10,0.184036662,,2.11E-10,0.211094864,,9.96E-09,0.099593663
16940000000,1.85E-10,0.185396271,,2.13E-10,0.213484075,,9.95E-09,0.099523723
16960000000,1.87E-10,0.186776722,,2.16E-10,0.215872192,,9.95E-09,0.099451596
16980000000,1.88E-10,0.188178323,,2.18E-10,0.218253497,,9.94E-09,0.099378106
17000000000,1.90E-10,0.189601506,,2.21E-10,0.220621993,,9.93E-09,0.099304153
17020000000,1.91E-10,0.19104685,,2.23E-10,0.222971429,,9.92E-09,0.099230711
17040000000,1.93E-10,0.192515101,,2.25E-10,0.225295338,,9.92E-09,0.099158837
17060000000,1.94E-10,0.194007201,,2.28E-10,0.227587088,,9.91E-09,0.099089675
17080000000,1.96E-10,0.195524312,,2.30E-10,0.229839928,,9.90E-09,0.09902446
17100000000,1.97E-10,0.197067847,,2.32E-10,0.232047051,,9.90E-09,0.098964531
17120000000,1.99E-10,0.198639511,,2.34E-10,0.234201665,,9.89E-09,0.098911331
17140000000,2.00E-10,0.200241333,,2.36E-10,0.236297066,,9.89E-09,0.098866423
17160000000,2.02E-10,0.201875714,,2.38E-10,0.238326722,,9.88E-09,0.098831495
17180000000,2.04E-10,0.203545477,,2.40E-10,0.240284363,,9.88E-09,0.098808376
17200000000,2.05E-10,0.205253917,,2.42E-10,0.242164077,,9.88E-09,0.098799049
17220000000,2.07E-10,0.207004866,,2.44E-10,0.243960409,,9.88E-09,0.098805664
17240000000,2.09E-10,0.208802762,,2.46E-10,0.245668467,,9.88E-09,0.098830559
17260000000,2.11E-10,0.210652729,,2.47E-10,0.247284032,,9.89E-09,0.098876282
17280000000,2.13E-10,0.212560659,,2.49E-10,0.24880366,,9.89E-09,0.098945611
17300000000,2.15E-10,0.21453332,,2.50E-10,0.250224798,,9.90E-09,0.099041586
17320000000,2.17E-10,0.216578462,,2.52E-10,0.25154589,,9.92E-09,0.099167541
17340000000,2.19E-10,0.218704952,,2.53E-10,0.252766487,,9.93E-09,0.09932714
17360000000,2.21E-10,0.220922916,,2.54E-10,0.253887347,,9.95E-09,0.099524421
17380000000,2.23E-10,0.223243912,,2.55E-10,0.254910546,,9.98E-09,0.099763849
17400000000,2.26E-10,0.225681121,,2.56E-10,0.255839572,,1.00E-08,0.100050373
17420000000,2.28E-10,0.22824957,,2.57E-10,0.256679425,,1.00E-08,0.100389495
17440000000,2.31E-10,0.230966387,,2.57E-10,0.257436716,,1.01E-08,0.100787357
17460000000,2.34E-10,0.233851099,,2.58E-10,0.258119767,,1.01E-08,0.101250827
17480000000,2.37E-10,0.236925975,,2.59E-10,0.25873871,,1.02E-08,0.10178762
17500000000,2.40E-10,0.24021642,,2.59E-10,0.2593056,,1.02E-08,0.102406425
17520000000,2.44E-10,0.243751437,,2.60E-10,0.259834537,,1.03E-08,0.103117065
17540000000,2.48E-10,0.247564164,,2.60E-10,0.260341803,,1.04E-08,0.103930681
17560000000,2.52E-10,0.251692486,,2.61E-10,0.260846029,,1.05E-08,0.104859954
17580000000,2.56E-10,0.256179754,,2.61E-10,0.261368388,,1.06E-08,0.105919368
17600000000,2.61E-10,0.261075606,,2.62E-10,0.261932839,,1.07E-08,0.107125526
17620000000,2.66E-10,0.266436909,,2.63E-10,0.262566423,,1.08E-08,0.108497526
17640000000,2.72E-10,0.272328824,,2.63E-10,0.263299627,,1.10E-08,0.110057417
17660000000,2.79E-10,0.278825998,,2.64E-10,0.264166846,,1.12E-08,0.11183074
17680000000,2.86E-10,0.286013866,,2.65E-10,0.265206949,,1.14E-08,0.113847185
17700000000,2.94E-10,0.293990012,,2.66E-10,0.266463987,,1.16E-08,0.116141382
17720000000,3.03E-10,0.302865534,,2.68E-10,0.267988081,,1.19E-08,0.118753849
17740000000,3.13E-10,0.31276623,,2.70E-10,0.269836515,,1.22E-08,0.121732133
17760000000,3.24E-10,0.323833365,,2.72E-10,0.272075109,,1.25E-08,0.125132167
17780000000,3.36E-10,0.336223567,,2.75E-10,0.274779924,,1.29E-08,0.129019883
17800000000,3.50E-10,0.350107154,,2.78E-10,0.278039377,,1.33E-08,0.133473083
17820000000,3.66E-10,0.365663754,,2.82E-10,0.281956889,,1.39E-08,0.138583579
17840000000,3.83E-10,0.383073515,,2.87E-10,0.286654162,,1.44E-08,0.144459513
17860000000,4.03E-10,0.402501327,,2.92E-10,0.292275263,,1.51E-08,0.1512277
17880000000,4.24E-10,0.424070448,,2.99E-10,0.298991677,,1.59E-08,0.159035592
17900000000,4.48E-10,0.447820728,,3.07E-10,0.307008527,,1.68E-08,0.168052077
17920000000,4.74E-10,0.473645855,,3.17E-10,0.316572178,,1.78E-08,0.178465613
17940000000,5.01E-10,0.50120464,,3.28E-10,0.327979354,,1.90E-08,0.19047691
17960000000,5.30E-10,0.529805539,,3.42E-10,0.341587798,,2.04E-08,0.20428109
17980000000,5.58E-10,0.558274373,,3.58E-10,0.357828134,,2.20E-08,0.220030342
18000000000,5.85E-10,0.584835793,,3.77E-10,0.377215847,,2.38E-08,0.237761492
18020000000,6.07E-10,0.607068289,,4.00E-10,0.400360836,,2.57E-08,0.257262285
18040000000,6.22E-10,0.622017952,,4.28E-10,0.427969166,,2.78E-08,0.277834388
18060000000,6.27E-10,0.62654722,,4.61E-10,0.460826452,,2.98E-08,0.297890256
18080000000,6.18E-10,0.617915049,,5.00E-10,0.499743262,,3.14E-08,0.31429934
18100000000,5.94E-10,0.594435608,,5.45E-10,0.54542818,,3.21E-08,0.321386425
18120000000,5.56E-10,0.555930317,,5.98E-10,0.598232999,,3.09E-08,0.309488851
18140000000,5.04E-10,0.503709478,,6.58E-10,0.657691554,,2.63E-08,0.26297909
18160000000,4.40E-10,0.44003461,,7.22E-10,0.72176854,,1.58E-08,0.157658315
18180000000,3.67E-10,0.367270144,,7.86E-10,0.785795548,,-4.17E-09,-0.041679359
18200000000,2.87E-10,0.287025365,,8.41E-10,0.841270609,,-3.74E-08,-0.374496118
18220000000,1.99E-10,0.19946442,,8.75E-10,0.875046311,,-8.24E-08,-0.823776021
18240000000,1.03E-10,0.102746041,,8.70E-10,0.869669662,,-1.16E-07,-1.155191462
18260000000,-7.63E-12,-0.007626564,,8.05E-10,0.805130667,,-1.05E-07,-1.053471861
18280000000,-1.40E-10,-0.139883103,,6.61E-10,0.660664996,,-6.85E-08,-0.685236684
18300000000,-3.08E-10,-0.307878286,,4.14E-10,0.413811289,,-3.62E-08,-0.362279816
18320000000,-5.34E-10,-0.533829201,,3.61E-11,0.036087011,,-1.57E-08,-0.156735526
18340000000,-8.49E-10,-0.849004794,,-5.03E-10,-0.503151847,,-3.74E-09,-0.037440281
18360000000,-1.27E-09,-1.274663934,,-1.18E-09,-1.181759499,,3.02E-09,0.030232465
18380000000,-1.73E-09,-1.725135903,,-1.79E-09,-1.79046174,,6.83E-09,0.068312322
18400000000,-1.86E-09,-1.86123416,,-1.97E-09,-1.97164971,,8.94E-09,0.08941123
18420000000,-1.46E-09,-1.457248372,,-1.64E-09,-1.643412664,,1.01E-08,0.100649934
18440000000,-8.84E-10,-0.88358449,,-1.12E-09,-1.117480487,,1.06E-08,0.106097091
18460000000,-4.60E-10,-0.460004277,,-6.75E-10,-0.674893051,,1.08E-08,0.108120598
18480000000,-2.04E-10,-0.203649535,,-3.77E-10,-0.376672545,,1.08E-08,0.108123877
18500000000,-5.44E-11,-0.054401335,,-1.89E-10,-0.18865426,,1.07E-08,0.106951773
18520000000,3.36E-11,0.033551932,,-7.09E-11,-0.070910572,,1.05E-08,0.105118918
18540000000,8.66E-11,0.086597874,,3.74E-12,0.003738406,,1.03E-08,0.102941083
18560000000,1.19E-10,0.119249016,,5.18E-11,0.05181512,,1.01E-08,0.100612359
18580000000,1.40E-10,0.139597299,,8.32E-11,0.083189513,,9.83E-09,0.098251402
18600000000,1.52E-10,0.152294676,,1.04E-10,0.103831207,,9.59E-09,0.095929633
18620000000,1.60E-10,0.16010674,,1.17E-10,0.117429834,,9.37E-09,0.093688691
18640000000,1.65E-10,0.164730793,,1.26E-10,0.126320014,,9.16E-09,0.091551386
18660000000,1.67E-10,0.167238717,,1.32E-10,0.132012664,,8.95E-09,0.089528641
18680000000,1.68E-10,0.168324598,,1.36E-10,0.135506009,,8.76E-09,0.087623935
18700000000,1.68E-10,0.168447726,,1.37E-10,0.137471845,,8.58E-09,0.085836164
18720000000,1.68E-10,0.167917693,,1.38E-10,0.13836973,,8.42E-09,0.084161481
18740000000,1.67E-10,0.166946483,,1.39E-10,0.13851856,,8.26E-09,0.082594494
18760000000,1.66E-10,0.165681136,,1.38E-10,0.138142383,,8.11E-09,0.081129033
18780000000,1.64E-10,0.164224728,,1.37E-10,0.137400294,,7.98E-09,0.079758635
18800000000,1.63E-10,0.162650104,,1.36E-10,0.13640628,,7.85E-09,0.078476857
18820000000,1.61E-10,0.161009039,,1.35E-10,0.135242607,,7.73E-09,0.077277462
18840000000,1.59E-10,0.159338445,,1.34E-10,0.133968984,,7.62E-09,0.076154523
18860000000,1.58E-10,0.157664653,,1.33E-10,0.132628924,,7.51E-09,0.075102483
18880000000,1.56E-10,0.156006379,,1.31E-10,0.131254202,,7.41E-09,0.074116181
18900000000,1.54E-10,0.154376835,,1.30E-10,0.129868025,,7.32E-09,0.07319085
18920000000,1.53E-10,0.152785219,,1.28E-10,0.128487303,,7.23E-09,0.072322106
18940000000,1.51E-10,0.151237791,,1.27E-10,0.127124291,,7.15E-09,0.071505934
18960000000,1.50E-10,0.14973866,,1.26E-10,0.125787787,,7.07E-09,0.070738662
18980000000,1.48E-10,0.148290344,,1.24E-10,0.124484014,,7.00E-09,0.070016936
19000000000,1.47E-10,0.146894199,,1.23E-10,0.123217271,,6.93E-09,0.069337696
19020000000,1.46E-10,0.145550717,,1.22E-10,0.12199042,,6.87E-09,0.068698152
19040000000,1.44E-10,0.144259763,,1.21E-10,0.120805245,,6.81E-09,0.068095761
19060000000,1.43E-10,0.143020741,,1.20E-10,0.119662728,,6.75E-09,0.067528204
19080000000,1.42E-10,0.14183272,,1.19E-10,0.118563258,,6.70E-09,0.066993366
19100000000,1.41E-10,0.140694528,,1.18E-10,0.117506779,,6.65E-09,0.066489317
19120000000,1.40E-10,0.139604817,,1.16E-10,0.116492918,,6.60E-09,0.066014298
19140000000,1.39E-10,0.13856212,,1.16E-10,0.115521069,,6.56E-09,0.065566701
19160000000,1.38E-10,0.137564878,,1.15E-10,0.114590463,,6.51E-09,0.065145057
19180000000,1.37E-10,0.136611474,,1.14E-10,0.113700224,,6.47E-09,0.064748026
19200000000,1.36E-10,0.13570024,,1.13E-10,0.112849403,,6.44E-09,0.06437438
19220000000,1.35E-10,0.134829473,,1.12E-10,0.112037015,,6.40E-09,0.064022999
19240000000,1.34E-10,0.133997436,,1.11E-10,0.111262056,,6.37E-09,0.063692855
19260000000,1.33E-10,0.133202361,,1.11E-10,0.110523526,,6.34E-09,0.06338301
19280000000,1.32E-10,0.132442439,,1.10E-10,0.109820437,,6.31E-09,0.063092604
19300000000,1.32E-10,0.131715815,,1.09E-10,0.109151828,,6.28E-09,0.06282085
19320000000,1.31E-10,0.131020579,,1.09E-10,0.108516766,,6.26E-09,0.062567029
19340000000,1.30E-10,0.130354747,,1.08E-10,0.107914355,,6.23E-09,0.06233048
19360000000,1.30E-10,0.129716248,,1.07E-10,0.107343742,,6.21E-09,0.062110602
19380000000,1.29E-10,0.1291029,,1.07E-10,0.106804113,,6.19E-09,0.061906842
19400000000,1.29E-10,0.128512384,,1.06E-10,0.1062947,,6.17E-09,0.061718698
19420000000,1.28E-10,0.127942218,,1.06E-10,0.105814779,,6.15E-09,0.06154571
19440000000,1.27E-10,0.127389718,,1.05E-10,0.105363672,,6.14E-09,0.061387459
19460000000,1.27E-10,0.126851961,,1.05E-10,0.104940745,,6.12E-09,0.061243565
19480000000,1.26E-10,0.126325734,,1.05E-10,0.10454541,,6.11E-09,0.061113681
19500000000,1.26E-10,0.125807477,,1.04E-10,0.104177124,,6.10E-09,0.060997495
19520000000,1.25E-10,0.125293217,,1.04E-10,0.103835389,,6.09E-09,0.060894723
19540000000,1.25E-10,0.124778485,,1.04E-10,0.103519748,,6.08E-09,0.060805112
19560000000,1.24E-10,0.124258221,,1.03E-10,0.103229789,,6.07E-09,0.060728434
19580000000,1.24E-10,0.123726655,,1.03E-10,0.102965141,,6.07E-09,0.060664487
19600000000,1.23E-10,0.123177165,,1.03E-10,0.102725475,,6.06E-09,0.060613092
19620000000,1.23E-10,0.122602107,,1.03E-10,0.102510505,,6.06E-09,0.060574094
19640000000,1.22E-10,0.121992597,,1.02E-10,0.102319984,,6.05E-09,0.060547357
19660000000,1.21E-10,0.121338251,,1.02E-10,0.102153704,,6.05E-09,0.060532766
19680000000,1.21E-10,0.120626855,,1.02E-10,0.1020115,,6.05E-09,0.060530226
19700000000,1.20E-10,0.119843954,,1.02E-10,0.101893245,,6.05E-09,0.060539658
19720000000,1.19E-10,0.118972332,,1.02E-10,0.10179885,,6.06E-09,0.060561004
19740000000,1.18E-10,0.117991341,,1.02E-10,0.101728269,,6.06E-09,0.06059422
19760000000,1.17E-10,0.116876047,,1.02E-10,0.101681494,,6.06E-09,0.060639278
19780000000,1.16E-10,0.115596108,,1.02E-10,0.101658555,,6.07E-09,0.060696168
19800000000,1.14E-10,0.114114298,,1.02E-10,0.101659526,,6.08E-09,0.060764892
19820000000,1.12E-10,0.112384538,,1.02E-10,0.101684517,,6.08E-09,0.06084547
19840000000,1.10E-10,0.110349234,,1.02E-10,0.101733682,,6.09E-09,0.060937933
19860000000,1.08E-10,0.107935613,,1.02E-10,0.101807216,,6.10E-09,0.061042329
19880000000,1.05E-10,0.105050623,,1.02E-10,0.101905356,,6.12E-09,0.061158718
19900000000,1.02E-10,0.101573661,,1.02E-10,0.102028384,,6.13E-09,0.061287173
19920000000,9.73E-11,0.097346021,,1.02E-10,0.102176625,,6.14E-09,0.06142778
19940000000,9.22E-11,0.092155205,,1.02E-10,0.10235045,,6.16E-09,0.06158064
19960000000,8.57E-11,0.085710964,,1.03E-10,0.102550276,,6.17E-09,0.061745864
19980000000,7.76E-11,0.077607579,,1.03E-10,0.102776572,,6.19E-09,0.061923578
20000000000,6.73E-11,0.067262337,,1.03E-10,0.102896398,,6.21E-09,0.062113919
