Frequency,ADS,,Theory,,HFSS 
1000000000,-67.73552558,,-69.53317761,,-71.51625818
1020000000,-68.85943475,,-70.68116777,,-72.74260257
1040000000,-69.97517836,,-71.82062712,,-73.9619515
1060000000,-71.08292666,,-72.95174,,-75.17449892
1080000000,-72.1828533,,-74.0746938,,-76.38044466
1100000000,-73.27513499,,-75.18967861,,-77.57999427
1120000000,-74.35995126,,-76.29688689,,-78.77335891
1140000000,-75.43748422,,-77.39651324,,-79.96075527
1160000000,-76.50791835,,-78.48875416,,-81.14240557
1180000000,-77.57144031,,-79.57380785,,-82.31853757
1200000000,-78.62823884,,-80.65187403,,-83.48938464
1220000000,-79.67850463,,-81.72315382,,-84.65518588
1240000000,-80.72243024,,-82.78784963,,-85.81618629
1260000000,-81.76021005,,-83.84616511,,-86.97263702
1280000000,-82.79204024,,-84.89830511,,-88.12479563
1300000000,-83.81811883,,-85.94447562,,-89.27292644
1320000000,-84.83864573,,-86.9848839,,-90.41730097
1340000000,-85.85382278,,-88.01973844,,-91.55819842
1360000000,-86.86385393,,-89.04924912,,-92.6959062
1380000000,-87.86894535,,-90.07362731,,-93.83072063
1400000000,-88.86930567,,-91.09308604,,-94.96294767
1420000000,-89.86514617,,-92.10784022,,-96.09290374
1440000000,-90.85668119,,-93.11810684,,-97.22091671
1460000000,-91.8441281,,-94.12410534,,-98.34732696
1480000000,-92.82770818,,-95.12605784,,-99.47248864
1500000000,-93.80764677,,-96.12418962,,-100.596771
1520000000,-94.7841738,,-97.11872951,,-101.72056
1540000000,-95.7575244,,-98.10991039,,-102.8442601
1560000000,-96.72793954,,-99.09796981,,-103.968296
1580000000,-97.69566675,,-100.0831506,,-105.0931152
1600000000,-98.66096102,,-101.0657015,,-106.2191905
1620000000,-99.62408568,,-102.0458784,,-107.3470226
1640000000,-100.5853135,,-103.0239445,,-108.4771435
1660000000,-101.5449279,,-104.0001724,,-109.6101203
1680000000,-102.5032245,,-104.9748443,,-110.7465593
1700000000,-103.4605124,,-105.9482541,,-111.8871107
1720000000,-104.4171163,,-106.9207088,,-113.0324743
1740000000,-105.3733782,,-107.8925299,,-114.1834056
1760000000,-106.3296603,,-108.864056,,-115.340723
1780000000,-107.2863473,,-109.8356448,,-116.5053166
1800000000,-108.2438499,,-110.8076762,,-117.678157
1820000000,-109.2026079,,-111.7805549,,-118.8603073
1840000000,-110.1630954,,-112.7547144,,-120.0529356
1860000000,-111.1258247,,-113.7306216,,-121.2573307
1880000000,-112.0913531,,-114.7087808,,-122.4749194
1900000000,-113.0602891,,-115.6897408,,-123.707288
1920000000,-114.033301,,-116.6741008,,-124.956207
1940000000,-115.0111261,,-117.6625191,,-126.2236608
1960000000,-115.9945829,,-118.6557231,,-127.5118829
1980000000,-116.9845841,,-119.6545204,,-128.8233982
2000000000,-117.9821543,,-120.6598137,,-130.161074
2020000000,-118.9884497,,-121.6726174,,-131.5281821
2040000000,-120.0047835,,-122.6940789,,-132.9284737
2060000000,-121.0326561,,-123.7255046,,-134.3662719
2080000000,-122.0737937,,-124.7683913,,-135.8465853
2100000000,-123.1301958,,-125.8244664,,-137.3752491
2120000000,-124.2041952,,-126.8957382,,-138.9591006
2140000000,-125.2985348,,-127.9845593,,-140.6062003
2160000000,-126.4164654,,-129.0937084,,-142.3261105
2180000000,-127.5618743,,-130.2264959,,-144.1302495
2200000000,-128.739452,,-131.3869024,,-146.032345
2220000000,-129.954916,,-132.5797622,,-148.049015
2240000000,-131.215311,,-133.8110097,,-150.2005187
2260000000,-132.5294197,,-135.0880153,,-152.5117248
2280000000,-133.9083338,,-136.4200506,,-155.0133608
2300000000,-135.3662606,,-137.8189426,,-157.7436107
2320000000,-136.9216855,,-139.3000142,,-160.7501238
2340000000,-138.599081,,-140.8834622,,-164.092446
2360000000,-140.4314798,,-142.596424,,-167.8447404
2380000000,-142.4644417,,-144.4761585,,-172.0982973
2400000000,-144.762334,,-146.5750771,,-176.9625158
2420000000,-147.4185459,,-148.9689428,,-182.5613905
2440000000,-150.5725193,,-151.7706449,,-189.0196764
2460000000,-154.4386427,,-155.1540073,,-196.4292489
2480000000,-159.354921,,-159.3956608,,-204.7851157
2500000000,-165.8583991,,-164.947338,,-213.8901533
2520000000,-174.7611237,,-172.5435032,,-223.2498929
2540000000,-187.0114341,,-183.2500661,,-231.9634
2560000000,-202.5491625,,-197.8495401,,-238.3478447
2580000000,-217.3566383,,-213.9307107,,-237.0361218
2600000000,-219.7366614,,-220.4338231,,-183.2553954
2620000000,-177.7868418,,-186.1887361,,-120.3488134
2640000000,-136.645749,,-142.4073622,,-114.7800576
2660000000,-129.1681957,,-133.9580338,,-116.0845733
2680000000,-128.8577912,,-133.5878113,,-118.7476571
2700000000,-130.1775564,,-134.9641096,,-121.6640866
2720000000,-131.8886197,,-136.7319724,,-124.522879
2740000000,-133.6462137,,-138.5329329,,-127.2314059
2760000000,-135.3479083,,-140.267064,,-129.7698303
2780000000,-136.9675476,,-141.9121931,,-132.1442888
2800000000,-138.504499,,-143.4707509,,-134.3696998
2820000000,-139.9663509,,-144.952377,,-136.4630302
2840000000,-141.3626761,,-146.3679528,,-138.4406481
2860000000,-142.7027872,,-147.7276051,,-140.3173677
2880000000,-143.9950041,,-149.0401498,,-142.1062101
2900000000,-145.2465049,,-150.3130587,,-143.8184622
2920000000,-146.4633923,,-151.5525996,,-145.4638475
2940000000,-147.6508278,,-152.7640189,,-147.0507264
2960000000,-148.8131771,,-153.9517161,,-148.5862914
2980000000,-149.9541418,,-155.1193958,,-150.0767426
3000000000,-151.0768742,,-156.2701942,,-151.5274404
3020000000,-152.1840717,,-157.406782,,-152.9430349
3040000000,-153.2780558,,-158.5314482,,-154.3275754
3060000000,-154.3608359,,-159.6461673,,-155.6846016
3080000000,-155.4341615,,-160.7526536,,-157.01722
3100000000,-156.499565,,-161.8524052,,-158.3281683
3120000000,-157.5583966,,-162.9467395,,-159.6198682
3140000000,-158.6118532,,-164.0368226,,-160.8944707
3160000000,-159.6610014,,-165.1236927,,-162.1538938
3180000000,-160.7067979,,-166.2082801,,-163.3998539
3200000000,-161.7501052,,-167.291423,,-164.6338931
3220000000,-162.7917054,,-168.3738812,,-165.8574018
3240000000,-163.8323112,,-169.4563474,,-167.0716381
3260000000,-164.8725761,,-170.5394562,,-168.2777443
3280000000,-165.9131018,,-171.6237922,,-169.4767614
3300000000,-166.9544454,,-172.7098968,,-170.669641
3320000000,-167.9971253,,-173.7982734,,-171.8572557
3340000000,-169.0416259,,-174.8893928,,-173.0404086
3360000000,-170.088402,,-175.9836967,,-174.2198409
3380000000,-171.1378824,,-177.0816014,,-175.3962385
3400000000,-172.190473,,-178.1835009,,-176.5702385
3420000000,-173.2465596,,-179.289769,,-177.742434
3440000000,-174.3065101,,179.599238,,-178.9133786
3460000000,-175.3706766,,178.4831797,,179.9164093
3480000000,-176.4393972,,177.3617303,,178.7464434
3500000000,-177.5129972,,176.2345768,,177.576266
3520000000,-178.5917907,,175.1014181,,176.4054457
3540000000,-179.6760816,,173.9619641,,175.2335748
3560000000,179.2338356,,172.8159347,,174.0602673
3580000000,178.1376749,,171.6630595,,172.8851569
3600000000,177.035158,,170.503077,,171.7078956
3620000000,175.9260141,,169.3357343,,170.5281521
3640000000,174.809979,,168.1607869,,169.3456106
3660000000,173.6867953,,166.9779983,,168.1599697
3680000000,172.5562115,,165.7871401,,166.9709415
3700000000,171.4179826,,164.5879919,,165.7782505
3720000000,170.2718693,,163.3803415,,164.5816332
3740000000,169.1176383,,162.1639848,,163.3808372
3760000000,167.9550624,,160.938726,,162.175621
3780000000,166.7839205,,159.7043783,,160.965753
3800000000,165.6039977,,158.4607635,,159.7510118
3820000000,164.4150858,,157.2077131,,158.5311853
3840000000,163.2169833,,155.9450684,,157.3060707
3860000000,162.0094961,,154.6726808,,156.0754745
3880000000,160.7924374,,153.3904127,,154.8392121
3900000000,159.5656288,,152.0981379,,153.5971077
3920000000,158.3289002,,150.7957423,,152.3489945
3940000000,157.0820907,,149.4831243,,151.0947145
3960000000,155.8250492,,148.1601958,,149.8341187
3980000000,154.5576349,,146.8268828,,148.5670672
4000000000,153.2797182,,145.4831261,,147.2934289
4020000000,151.9911812,,144.1288818,,146.0130825
4040000000,150.6919187,,142.7641227,,144.7259157
4060000000,149.3818387,,141.3888384,,143.4318261
4080000000,148.0608636,,140.0030363,,142.1307212
4100000000,146.7289308,,138.6067425,,140.8225186
4120000000,145.3859935,,137.2000023,,139.5071463
4140000000,144.0320218,,135.7828808,,138.184543
4160000000,142.6670035,,134.3554641,,136.8546582
4180000000,141.2909449,,132.9178591,,135.517453
4200000000,139.9038717,,131.4701948,,134.1728997
4220000000,138.50583,,130.0126224,,132.8209826
4240000000,137.0968867,,128.5453158,,131.461698
4260000000,135.6771309,,127.0684717,,130.0950548
4280000000,134.2466739,,125.5823105,,128.7210745
4300000000,132.8056504,,124.0870755,,127.3397914
4320000000,131.354219,,122.5830337,,125.9512531
4340000000,129.8925625,,121.0704753,,124.5555206
4360000000,128.4208885,,119.5497138,,123.1526685
4380000000,126.9394298,,118.021085,,121.742785
4400000000,125.4484442,,116.4849473,,120.3259722
4420000000,123.948215,,114.9416805,,118.9023462
4440000000,122.4390506,,113.3916852,,117.4720372
4460000000,120.9212847,,111.8353819,,116.035189
4480000000,119.3952755,,110.27321,,114.5919596
4500000000,117.8614054,,108.7056263,,113.1425208
4520000000,116.3200803,,107.133104,,111.687058
4540000000,114.7717288,,105.556131,,110.22577
4560000000,113.2168011,,103.9752086,,108.7588688
4580000000,111.6557681,,102.3908492,,107.2865792
4600000000,110.0891196,,100.8035753,,105.8091383
4620000000,108.5173631,,99.21391703,,104.3267954
4640000000,106.9410225,,97.6224105,,102.8398109
4660000000,105.3606357,,96.02959567,,101.3484563
4680000000,103.7767531,,94.43601443,,99.85301308
4700000000,102.1899356,,92.84220847,,98.35377236
4720000000,100.6007524,,91.24871729,,96.85103385
4740000000,99.00977892,,89.65607614,,95.34510521
4760000000,97.41759466,,88.06481409,,93.8363011
4780000000,95.82478073,,86.47545201,,92.32494235
4800000000,94.23191778,,84.88850079,,90.81135494
4820000000,92.63958361,,83.30445949,,89.29586907
4840000000,91.04835101,,81.72381368,,87.77881812
4860000000,89.45878541,,80.14703388,,86.26053764
4880000000,87.87144317,,78.57457405,,84.74136433
4900000000,86.28686889,,77.00687033,,83.22163493
4920000000,84.70559392,,75.44433979,,81.70168522
4940000000,83.12813434,,73.8873794,,80.18184893
4960000000,81.55498931,,72.33636511,,78.66245674
4980000000,79.98663944,,70.79165109,,77.14383525
5000000000,78.4235454,,69.25356912,,75.62630597
5020000000,76.86614665,,67.72242809,,73.79925233
5040000000,75.31486029,,66.19851364,,72.28981057
5060000000,73.77008015,,64.68208803,,70.78286423
5080000000,72.23217598,,63.17338998,,69.27873164
5100000000,70.70149284,,61.67263475,,67.77772019
5120000000,69.17835066,,60.18001431,,66.28012554
5140000000,67.66304388,,58.69569758,,64.78623096
5160000000,66.15584135,,57.21983079,,63.29630673
5180000000,64.65698628,,55.75253793,,61.81060959
5200000000,63.16669637,,54.29392129,,60.32938226
5220000000,61.68516403,,52.84406199,,58.85285305
5240000000,60.21255677,,51.40302073,,57.38123553
5260000000,58.74901764,,49.97083838,,55.91472828
5280000000,57.29466575,,48.54753679,,54.45351468
5300000000,55.84959693,,47.13311953,,52.9977628
5320000000,54.41388443,,45.72757271,,51.54762532
5340000000,52.98757964,,44.33086576,,50.10323955
5360000000,51.57071294,,42.94295225,,48.66472746
5380000000,50.16329451,,41.56377077,,47.23219578
5400000000,48.76531521,,40.19324566,,45.80573619
5420000000,47.37674749,,38.83128793,,44.38542546
5440000000,45.99754627,,37.47779594,,42.97132574
5460000000,44.62764989,,36.13265631,,41.56348479
5480000000,43.26698087,,34.79574458,,40.16193629
5500000000,41.91544704,,33.46692602,,38.76670019
5520000000,40.57294226,,32.14605629,,37.37778305
5540000000,39.23934734,,30.83298219,,35.9951784
5560000000,37.91453086,,29.52754225,,34.61886714
5580000000,36.59834998,,28.22956742,,33.24881791
5600000000,35.29065124,,26.9388816,,31.88498754
5620000000,33.99127131,,25.65530227,,30.52732141
5640000000,32.70003771,,24.37864097,,29.17575389
5660000000,31.41676945,,23.10870379,,27.83020871
5680000000,30.14127774,,21.8452919,,26.49059942
5700000000,28.87336654,,20.58820189,,25.15682971
5720000000,27.61283314,,19.33722623,,23.82879386
5740000000,26.35946871,,18.09215363,,22.50637706
5760000000,25.11305876,,16.85276933,,21.18945581
5780000000,23.8733836,,15.61885547,,19.87789821
5800000000,22.64021877,,14.3901913,,18.57156435
5820000000,21.41333536,,13.16655347,,17.27030656
5840000000,20.19250042,,11.94771623,,15.97396974
5860000000,18.97747722,,10.73345163,,14.68239157
5880000000,17.7680255,,9.523529653,,13.39540281
5900000000,16.56390173,,8.317718401,,12.11282748
5920000000,15.36485932,,7.115784166,,10.83448308
5940000000,14.17064872,,5.917491537,,9.560180752
5960000000,12.98101761,,4.722603463,,8.289725401
5980000000,11.795711,,3.530881295,,7.022915856
6000000000,10.61447126,,2.342084805,,5.759544929
6020000000,9.437038166,,1.155972184,,4.499399492
6040000000,8.263148943,,-0.027699978,,3.24226051
6060000000,7.092538208,,-1.209176741,,1.987903041
6080000000,5.924937934,,-2.388704875,,0.736096216
6100000000,4.760077367,,-3.566532949,,-0.513396817
6120000000,3.597682922,,-4.742911434,,-1.760818987
6140000000,2.437478039,,-5.918092833,,-3.006419414
6160000000,1.279183024,,-7.092331826,,-4.250453573
6180000000,0.122514846,,-8.265885439,,-5.493183482
6200000000,-1.032813082,,-9.439013234,,-6.734877934
6220000000,-2.187091166,,-10.61197752,,-7.975812764
6240000000,-3.340613913,,-11.7850436,,-9.216271166
6260000000,-4.493680258,,-12.95848,,-10.45654404
6280000000,-5.646593917,,-14.13255879,,-11.69693041
6300000000,-6.799663777,,-15.30755587,,-12.93773784
6320000000,-7.953204326,,-16.4837513,,-14.17928297
6340000000,-9.107536121,,-17.66142969,,-15.42189208
6360000000,-10.2629863,,-18.84088058,,-16.66590167
6380000000,-11.41988914,,-20.02239888,,-17.91165917
6400000000,-12.57858666,,-21.20628532,,-19.15952371
6420000000,-13.73942926,,-22.39284698,,-20.40986692
6440000000,-14.90277647,,-23.5823978,,-21.66307384
6460000000,-16.06899771,,-24.77525919,,-22.91954396
6480000000,-17.23847309,,-25.9717607,,-24.17969227
6500000000,-18.41159437,,-27.17224063,,-25.44395051
6520000000,-19.58876595,,-28.37704688,,-26.71276844
6540000000,-20.77040589,,-29.58653768,,-27.98661536
6560000000,-21.95694715,,-30.80108252,,-29.26598163
6580000000,-23.14883878,,-32.0210631,,-30.55138047
6600000000,-24.34654739,,-33.24687439,,-31.84334983
6620000000,-25.55055859,,-34.47892571,,-33.14245454
6640000000,-26.76137864,,-35.71764206,,-34.44928862
6660000000,-27.9795363,,-36.9634654,,-35.76447778
6680000000,-29.20558472,,-38.21685616,,-37.0886823
6700000000,-30.44010363,,-39.47829487,,-38.42260005
6720000000,-31.68370167,,-40.74828392,,-39.76696996
6740000000,-32.93701898,,-42.0273495,,-41.12257573
6760000000,-34.20073,,-43.31604375,,-42.49025003
6780000000,-35.47554664,,-44.61494713,,-43.87087907
6800000000,-36.76222162,,-45.92467097,,-45.2654077
6820000000,-38.06155228,,-47.24586035,,-46.67484503
6840000000,-39.37438471,,-48.57919726,,-48.10027071
6860000000,-40.70161835,,-49.92540405,,-49.54284182
6880000000,-42.04421099,,-51.28524734,,-51.00380056
6900000000,-43.40318442,,-52.65954223,,-52.48448281
6920000000,-44.77963052,,-54.04915707,,-53.9863276
6940000000,-46.17471811,,-55.45501873,,-55.51088763
6960000000,-47.58970064,,-56.8781184,,-57.059841
6980000000,-49.02592432,,-58.31951812,,-58.63500416
7000000000,-50.48483749,,-59.78035801,,-60.23834637
7020000000,-51.9680009,,-61.26186431,,-61.87200566
7040000000,-53.47709897,,-62.76535839,,-63.5383065
7060000000,-55.01395233,,-64.29226667,,-65.23977932
7080000000,-56.58053162,,-65.84413187,,-66.97918199
7100000000,-58.17897269,,-67.42262535,,-68.75952331
7120000000,-59.81159325,,-69.02956098,,-70.58408862
7140000000,-61.48091112,,-70.66691046,,-72.45646743
7160000000,-63.18966398,,-72.33682043,,-74.3805829
7180000000,-64.94083079,,-74.04163131,,-76.36072295
7200000000,-66.73765456,,-75.78389813,,-78.40157218
7220000000,-68.5836664,,-77.56641335,,-80.50824376
7240000000,-70.48271038,,-79.39223172,,-82.68630977
7260000000,-72.43896851,,-81.26469709,,-84.94182761
7280000000,-74.45698483,,-83.1874709,,-87.28135941
7300000000,-76.54168701,,-85.16456197,,-89.71197959
7320000000,-78.69840333,,-87.20035656,,-92.24126442
7340000000,-80.93287158,,-89.29964765,,-94.87725473
7360000000,-83.2512357,,-91.467661,,-97.62838025
7380000000,-85.6600237,,-93.71007516,,-100.5033307
7400000000,-88.16609852,,-96.03303057,,-103.5108546
7420000000,-90.77657073,,-98.443121,,-106.6594626
7440000000,-93.49865779,,-100.9473577,,-109.95701
7460000000,-96.33947223,,-103.5530923,,-113.4101278
7480000000,-99.30571361,,-106.2678797,,-117.0234781
7500000000,-102.4032369,,-109.0992536,,-120.7988109
7520000000,-105.6364641,,-112.0543795,,-124.7338167
7540000000,-109.0076025,,-115.1395367,,-128.8207886
7560000000,-112.5156334,,-118.3593652,,-133.0451322
7580000000,-116.1550347,,-121.7157963,,-137.3837783
7600000000,-119.914208,,-125.2065609,,-141.8035432
7620000000,-123.7735758,,-128.8231399,,-146.2593965
7640000000,-127.7033029,,-132.5479777,,-150.6923913
7660000000,-131.6605277,,-136.3507007,,-155.0265689
7680000000,-135.5858294,,-140.1829258,,-159.1632809
7700000000,-139.3982988,,-143.9708981,,-162.9695688
7720000000,-142.9878437,,-147.6044391,,-166.2531189
7740000000,-146.2018878,,-150.9190053,,-168.7055959
7760000000,-148.8205925,,-153.6639721,,-169.7645935
7780000000,-150.5083015,,-155.4421939,,-168.239565
7800000000,-150.7151705,,-155.5891143,,-161.1814931
7820000000,-148.4778577,,-152.934879,,-140.9855594
7840000000,-142.0687366,,-145.4495427,,-102.7421679
7860000000,-128.874318,,-130.5947478,,-74.50461671
7880000000,-108.1435491,,-109.6204956,,-63.0617716
7900000000,-86.92418318,,-91.0935358,,-58.95013768
7920000000,-72.71736678,,-79.95193606,,-57.90424143
7940000000,-65.13084181,,-74.50793287,,-58.30353721
7960000000,-61.55491392,,-72.37082823,,-59.45135379
7980000000,-60.23333582,,-72.08258891,,-61.01004514
8000000000,-60.2062523,,-72.85038207,,-62.80048918
8020000000,-60.95026483,,-74.23685565,,-64.72124262
8040000000,-62.16820159,,-75.9910869,,-66.71213397
8060000000,-63.68369099,,-77.96349095,,-68.73633572
8080000000,-65.38792905,,-80.06208038,,-70.77087934
8100000000,-67.21166241,,-82.22898268,,-72.80133805
8120000000,-69.10973301,,-84.4272486,,-74.81870278
8140000000,-71.05216673,,-86.63312988,,-76.81747498
8160000000,-73.01882938,,-88.83139459,,-78.79446544
8180000000,-74.99611103,,-91.01239873,,-80.7480183
8200000000,-76.97480808,,-93.17020933,,-82.67749918
8220000000,-78.94873627,,-95.30137649,,-84.58295206
8240000000,-80.91380312,,-97.40411658,,-86.46486622
8260000000,-82.8673764,,-99.47776158,,-88.32401642
8280000000,-84.80784765,,-101.5223841,,-90.1613527
8300000000,-86.7343268,,-103.53854,,-91.97792405
8320000000,-88.64642621,,-105.527091,,-93.7748257
8340000000,-90.54410683,,-107.4890822,,-95.55316277
8360000000,-92.42756742,,-109.4256579,,-97.31402557
8380000000,-94.29716559,,-111.338003,,-99.05847307
8400000000,-96.15336001,,-113.2273044,,-100.7875222
8420000000,-97.99666907,,-115.0947247,,-102.5021413
8440000000,-99.82764105,,-116.9413847,,-104.2032464
8460000000,-101.6468328,,-118.768354,,-105.8916998
8480000000,-103.4547946,,-120.5766442,,-107.5683097
8500000000,-105.2520597,,-122.3672068,,-109.2338313
8520000000,-107.0391374,,-124.1409329,,-110.8889681
8540000000,-108.816508,,-125.8986539,,-112.5343742
8560000000,-110.5846207,,-127.641144,,-114.1706563
8580000000,-112.3438917,,-129.3691225,,-115.7983762
8600000000,-114.0947042,,-131.0832576,,-117.4180533
8620000000,-115.8374088,,-132.7841688,,-119.0301671
8640000000,-117.572324,,-134.4724311,,-120.6351594
8660000000,-119.2997381,,-136.148578,,-122.2334371
8680000000,-121.0199104,,-137.8131046,,-123.8253741
8700000000,-122.7330728,,-139.4664711,,-125.4113137
8720000000,-124.439432,,-141.1091053,,-126.9915706
8740000000,-126.1391711,,-142.7414059,,-128.5664331
8760000000,-127.8324517,,-144.3637448,,-130.1361645
8780000000,-129.5194157,,-145.9764696,,-131.7010055
8800000000,-131.2001868,,-147.5799059,,-133.2611754
8820000000,-132.8748732,,-149.1743596,,-134.8168738
8840000000,-134.5435683,,-150.7601184,,-136.3682822
8860000000,-136.2063531,,-152.3374539,,-137.9155654
8880000000,-137.8632977,,-153.9066234,,-139.4588726
8900000000,-139.5144625,,-155.4678707,,-140.998339
8920000000,-141.1598997,,-157.0214284,,-142.5340864
8940000000,-142.7996553,,-158.5675185,,-144.066225
8960000000,-144.4337693,,-160.1063535,,-145.594854
8980000000,-146.0622779,,-161.638138,,-147.1200626
9000000000,-147.685214,,-163.1630689,,-148.6419308
9020000000,-149.3026084,,-164.6813369,,-150.1605308
9040000000,-150.9144907,,-166.1931267,,-151.675927
9060000000,-152.5208904,,-167.6986181,,-153.1881773
9080000000,-154.1218373,,-169.1979863,,-154.6973339
9100000000,-155.7173626,,-170.6914028,,-156.2034434
9120000000,-157.3074992,,-172.1790352,,-157.7065479
9140000000,-158.8922825,,-173.6610485,,-159.2066852
9160000000,-160.4717509,,-175.1376047,,-160.7038898
9180000000,-162.0459463,,-176.6088638,,-162.198193
9200000000,-163.614914,,-178.0749833,,-163.6896235
9220000000,-165.1787039,,-179.5361193,,-165.1782078
9240000000,-166.73737,,179.007574,,-166.6639707
9260000000,-168.2909709,,177.5559439,,-168.1469355
9280000000,-169.8395701,,176.1088387,,-169.6271245
9300000000,-171.383236,,174.6661083,,-171.1045591
9320000000,-172.9220419,,173.2276035,,-172.5792603
9340000000,-174.4560663,,171.7931761,,-174.0512489
9360000000,-175.9853927,,170.3626791,,-175.5205455
9380000000,-177.5101095,,168.9359663,,-176.987171
9400000000,-179.0303104,,167.5128926,,-178.4511468
9420000000,179.4539062,,166.0933139,,-179.9124947
9440000000,177.9424371,,164.677087,,178.6287629
9460000000,176.4351743,,163.2640697,,177.1726027
9480000000,174.9320054,,161.8541212,,175.7190004
9500000000,173.4328135,,160.4471014,,174.2679309
9520000000,171.9374776,,159.0428717,,172.819368
9540000000,170.4458727,,157.6412946,,171.3732841
9560000000,168.95787,,156.2422342,,169.9296509
9580000000,167.4733373,,154.8455556,,168.4884385
9600000000,165.9921387,,153.4511259,,167.049616
9620000000,164.5141358,,152.0588135,,165.6131512
9640000000,163.0391868,,150.6684887,,164.1790107
9660000000,161.5671477,,149.2800233,,162.74716
9680000000,160.0978721,,147.8932914,,161.3175633
9700000000,158.6312116,,146.508169,,159.8901837
9720000000,157.1670158,,145.124534,,158.4649832
9740000000,155.7051332,,143.7422669,,157.0419227
9760000000,154.2454106,,142.3612503,,155.6209624
9780000000,152.7876941,,140.9813695,,154.202061
9800000000,151.3318293,,139.602512,,152.7851768
9820000000,149.877661,,138.2245685,,151.3702671
9840000000,148.4250341,,136.847432,,149.9572884
9860000000,146.9737936,,135.4709988,,148.5461968
9880000000,145.5237849,,134.095168,,147.1369474
9900000000,144.0748543,,132.7198419,,145.7294951
9920000000,142.6268488,,131.3449261,,144.3237944
9940000000,141.1796167,,129.9703293,,142.9197991
9960000000,139.733008,,128.5959641,,141.5174632
9980000000,138.2868743,,127.2217461,,140.1167401
10000000000,136.8410693,,125.847595,,138.7175833
10020000000,135.3954493,,124.4734338,,138.0041631
10040000000,133.9498728,,123.0991898,,136.6005175
10060000000,132.5042013,,121.7247938,,135.1985276
10080000000,131.0582996,,120.3501808,,133.7981374
10100000000,129.6120357,,118.9752896,,132.3992915
10120000000,128.1652814,,117.6000635,,131.0019358
10140000000,126.7179123,,116.2244497,,129.6060173
10160000000,125.269808,,114.8483996,,128.2114844
10180000000,123.8208529,,113.4718692,,126.8182868
10200000000,122.3709357,,112.0948184,,125.4263758
10220000000,120.9199501,,110.7172119,,124.0357043
10240000000,119.467795,,109.3390184,,122.6462272
10260000000,118.0143744,,107.9602112,,121.2579009
10280000000,116.5595982,,106.5807681,,119.870684
10300000000,115.1033818,,105.2006711,,118.4845368
10320000000,113.6456467,,103.8199068,,117.0994218
10340000000,112.1863206,,102.438466,,115.7153036
10360000000,110.7253375,,101.056344,,114.3321486
10380000000,109.2626379,,99.67354048,,112.9499258
10400000000,107.7981692,,98.29005923,,111.5686058
10420000000,106.3318854,,96.90590835,,110.1881618
10440000000,104.8637477,,95.52110007,,108.8085688
10460000000,103.3937243,,94.13565069,,107.4298042
10480000000,101.9217908,,92.7495805,,106.0518472
10500000000,100.4479299,,91.36291364,,104.6746792
10520000000,98.97213178,,89.97567802,,103.2982838
10540000000,97.49439414,,88.5879052,,101.9226464
10560000000,96.0147221,,87.19963023,,100.5477542
10580000000,94.53312829,,85.81089151,,99.17359652
10600000000,93.04963286,,84.42173068,,97.80016427
10620000000,91.56426341,,83.03219237,,96.42745017
10640000000,90.07705497,,81.64232411,,95.05544851
10660000000,88.58804981,,80.25217609,,93.68415512
10680000000,87.09729775,,78.86180098,,92.31356725
10700000000,85.60485543,,77.47125373,,90.94368348
10720000000,84.11078655,,76.08059138,,89.57450356
10740000000,82.61516164,,74.68987279,,88.20602837
10760000000,81.1180578,,73.29915848,,86.8382597
10780000000,79.61955851,,71.90851033,,85.47120021
10800000000,78.11975339,,70.5179914,,84.10485322
10820000000,76.61873787,,69.12766567,,82.73922264
10840000000,75.11661297,,67.73759775,,81.37431275
10860000000,73.61348491,,66.3478527,,80.01012812
10880000000,72.10946478,,64.95849574,,78.64667342
10900000000,70.6046682,,63.56959197,,77.28395326
10920000000,69.09921489,,62.18120617,,75.92197206
10940000000,67.5932283,,60.79340248,,74.56073386
10960000000,66.08683514,,59.40624421,,73.20024216
10980000000,64.58016496,,58.0197935,,71.84049976
11000000000,63.07334972,,56.63411115,,70.48150861
11020000000,61.56652327,,55.24925629,,69.12326957
11040000000,60.05982087,,53.86528619,,67.76578233
11060000000,58.55337875,,52.48225598,,66.40904515
11080000000,57.04733357,,51.1002184,,65.05305474
11100000000,55.5418219,,49.71922358,,63.69780606
11120000000,54.03697976,,48.3393188,,62.34329214
11140000000,52.53294208,,46.96054826,,60.9895039
11160000000,51.02984223,,45.58295287,,59.63642998
11180000000,49.52781144,,44.20656999,,58.28405656
11200000000,48.02697841,,42.83143329,,56.93236715
11220000000,46.52746873,,41.45757247,,55.58134243
11240000000,45.02940443,,40.08501312,,54.23096006
11260000000,43.53290358,,38.7137765,,52.88119451
11280000000,42.03807959,,37.34387939,,51.53201684
11300000000,40.54504112,,35.97533385,,50.18339452
11320000000,39.05389137,,34.60814714,,48.83529126
11340000000,37.56472781,,33.24232147,,47.48766681
11360000000,36.07764169,,31.87785391,,46.14047674
11380000000,34.59271774,,30.51473617,,44.79367227
11400000000,33.11003375,,29.15295455,,43.44720005
11420000000,31.62966027,,27.7924897,,42.10100196
11440000000,30.15166024,,26.43331656,,40.7550149
11460000000,28.67608873,,25.07540418,,39.40917055
11480000000,27.20299261,,23.71871561,,38.06339519
11500000000,25.73241034,,22.36320779,,36.71760942
11520000000,24.26437163,,21.00883139,,35.37172796
11540000000,22.79889729,,19.65553071,,34.02565937
11560000000,21.33599897,,18.30324356,,32.67930578
11580000000,19.87567894,,16.95190112,,31.33256267
11600000000,18.41792994,,15.60142782,,29.98531852
11620000000,16.96273496,,14.25174122,,28.63745452
11640000000,15.51006711,,12.90275185,,27.28884428
11660000000,14.05988941,,11.55436309,,25.93935345
11680000000,12.61215468,,10.20647102,,24.58883937
11700000000,11.16680537,,8.858964256,,23.23715068
11720000000,9.723773416,,7.511723781,,21.88412689
11740000000,8.282980081,,6.16462277,,20.52959794
11760000000,6.844335828,,4.817526391,,19.17338372
11780000000,5.407740152,,3.470291597,,17.81529354
11800000000,3.973081421,,2.122766896,,16.45512556
11820000000,2.540236706,,0.774792101,,15.09266618
11840000000,1.109071593,,-0.573801948,,13.7276894
11860000000,-0.320560011,,-1.923193679,,12.35995605
11880000000,-1.748816106,,-3.273571118,,10.98921301
11900000000,-3.175866837,,-4.625132256,,9.615192381
11920000000,-4.601894767,,-5.978085439,,8.237610516
11940000000,-6.027095174,,-7.332649817,,6.856166984
11960000000,-7.451676389,,-8.689055817,,5.470543442
11980000000,-8.875860171,,-10.04754568,,4.080402395
12000000000,-10.29988212,,-11.40837405,,2.68538582
12020000000,-11.72399215,,-12.77180863,,1.285113661
12040000000,-13.14845501,,-14.13813086,,-0.120817832
12060000000,-14.57355086,,-15.50763675,,-1.532837941
12080000000,-15.99957591,,-16.88063773,,-2.951403508
12100000000,-17.42684318,,-18.25746162,,-4.377001184
12120000000,-18.85568325,,-19.63845367,,-5.810149912
12140000000,-20.2864452,,-21.02397775,,-7.251403696
12160000000,-21.71949755,,-22.41441765,,-8.701354665
12180000000,-23.15522941,,-23.8101785,,-10.16063648
12200000000,-24.59405165,,-25.21168835,,-11.62992816
12220000000,-26.03639825,,-26.61939992,,-13.10995825
12240000000,-27.4827278,,-28.03379255,,-14.60150963
12260000000,-28.93352511,,-29.45537431,,-16.10542473
12280000000,-30.38930304,,-30.88468435,,-17.62261144
12300000000,-31.85060443,,-32.32229557,,-19.15404973
12320000000,-33.31800432,,-33.76881741,,-20.70079897
12340000000,-34.79211231,,-35.2248991,,-22.2640063
12360000000,-36.27357515,,-36.69123312,,-23.84491578
12380000000,-37.76307956,,-38.16855906,,-25.44487885
12400000000,-39.26135536,,-39.65766783,,-27.06536593
12420000000,-40.76917871,,-41.15940631,,-28.70797939
12440000000,-42.28737574,,-42.67468238,,-30.37446814
12460000000,-43.8168263,,-44.2044704,,-32.06674378
12480000000,-45.35846794,,-45.74981706,,-33.78689865
12500000000,-46.91330021,,-47.31184771,,-35.53722577
12520000000,-48.48238866,,-48.89177288,,-37.32024073
12540000000,-50.06686915,,-50.49089514,,-39.13870566
12560000000,-51.66795179,,-52.11061581,,-40.99565489
12580000000,-53.28692429,,-53.75244145,,-42.89442216
12600000000,-54.92515443,,-55.41798943,,-44.83866859
12620000000,-56.58409105,,-57.108992,,-46.83241008
12640000000,-58.26526252,,-58.82729751,,-48.88004229
12660000000,-59.97027169,,-60.57486726,,-50.98635985
12680000000,-61.70078536,,-62.35376542,,-53.15656479
12700000000,-63.45851585,,-64.1661381,,-55.39625641
12720000000,-65.24519085,,-66.01417623,,-57.71139069
12740000000,-67.06250637,,-67.90005365,,-60.10819125
12760000000,-68.91205486,,-69.82582808,,-62.59298443
12780000000,-70.79521726,,-71.79328587,,-65.17191753
12800000000,-72.71300205,,-73.80370184,,-67.85049771
12820000000,-74.66580645,,-75.85746994,,-70.6328576
12840000000,-76.65306191,,-77.95353616,,-73.52060465
12860000000,-78.67270688,,-80.0885258,,-76.51103515
12880000000,-80.72039816,,-82.25539361,,-79.59437343
12900000000,-82.78832282,,-84.44131898,,-82.74949754
12920000000,-84.8633899,,-86.62438924,,-85.93726948
12940000000,-86.9244441,,-88.76830409,,-89.08995962
12960000000,-88.93790779,,-90.81378938,,-92.09403183
12980000000,-90.85084469,,-92.66443783,,-94.76104908
13000000000,-92.57970219,,-94.16298176,,-96.77619996
13020000000,-93.99167405,,-95.0511914,,-97.60343836
13040000000,-94.87334835,,-94.90330884,,-96.31135854
13060000000,-94.87799311,,-93.02686128,,-91.31260132
13080000000,-93.4415497,,-88.37849616,,-80.42837757
13100000000,-89.67917723,,-79.79595248,,-63.27494543
13120000000,-82.41205758,,-67.3188848,,-45.55084406
13140000000,-70.90811234,,-54.0105305,,-33.59463168
13160000000,-56.83148496,,-43.96167108,,-27.60599809
13180000000,-44.40706944,,-38.45455789,,-25.44807165
13200000000,-36.38903289,,-36.55459312,,-25.47703111
13220000000,-32.56874186,,-37.00750524,,-26.73314679
13240000000,-31.70571477,,-38.88097049,,-28.67572975
13260000000,-32.7199589,,-41.56952778,,-30.99491782
13280000000,-34.87628935,,-44.69340696,,-33.50893566
13300000000,-37.70118049,,-48.01731776,,-36.10934447
13320000000,-40.89179234,,-51.39756066,,-38.73104786
13340000000,-44.25456679,,-54.748628,,-41.33523136
13360000000,-47.66677184,,-58.02195683,,-43.89931238
13380000000,-51.0521845,,-61.19227166,,-46.41084515
13400000000,-54.3652907,,-64.24876547,,-48.86373952
13420000000,-57.58078883,,-67.18941299,,-51.25587511
13440000000,-60.68653351,,-70.01732628,,-53.58757791
13460000000,-63.6787802,,-72.73844205,,-55.86064053
13480000000,-66.5589934,,-75.36007463,,-58.07769006
13500000000,-69.33172286,,-77.89002821,,-60.24178107
13520000000,-72.00320762,,-80.3360679,,-62.35613536
13540000000,-74.5804734,,-82.70561874,,-64.42397818
13560000000,-77.07076171,,-85.00560813,,-66.44843768
13580000000,-79.4811801,,-87.24239676,,-68.43248619
13600000000,-81.8184981,,-89.42176309,,-70.37890872
13620000000,-84.0890382,,-91.54891903,,-72.29028923
13640000000,-86.2986274,,-93.62854267,,-74.16900826
13660000000,-88.45258698,,-95.66481937,,-76.01724768
13680000000,-90.55574515,,-97.66148578,,-77.83699965
13700000000,-92.6124626,,-99.62187366,,-79.63007799
13720000000,-94.62666561,,-101.5489516,,-81.39813066
13740000000,-96.60188114,,-103.4453639,,-83.14265258
13760000000,-98.5412726,,-105.3134661,,-84.86499829
13780000000,-100.4476744,,-107.1553567,,-86.56639405
13800000000,-102.3236243,,-108.9729064,,-88.24794936
13820000000,-104.1713936,,-110.7677833,,-89.91066766
13840000000,-105.9930144,,-112.5414759,,-91.55545627
13860000000,-107.7903047,,-114.2953133,,-93.18313551
13880000000,-109.5648905,,-116.030483,,-94.79444709
13900000000,-111.3182263,,-117.7480468,,-96.39006175
13920000000,-113.0516128,,-119.4489552,,-97.97058627
13940000000,-114.7662135,,-121.1340593,,-99.53656979
13960000000,-116.4630684,,-122.8041223,,-101.0885096
13980000000,-118.1431079,,-124.4598291,,-102.6268564
14000000000,-119.8071633,,-126.1017954,,-104.1520191
14020000000,-121.4559781,,-127.730575,,-105.6643691
14040000000,-123.0902165,,-129.3466668,,-107.1642443
14060000000,-124.7104722,,-130.9505215,,-108.6519526
14080000000,-126.3172755,,-132.5425465,,-110.1277751
14100000000,-127.9111003,,-134.1231112,,-111.5919694
14120000000,-129.49237,,-135.692551,,-113.0447716
14140000000,-131.061463,,-137.2511721,,-114.4863995
14160000000,-132.6187176,,-138.7992539,,-115.9170543
14180000000,-134.1644361,,-140.3370533,,-117.3369226
14200000000,-135.6988894,,-141.8648065,,-118.7461786
14220000000,-137.2223203,,-143.3827325,,-120.1449852
14240000000,-138.7349467,,-144.8910347,,-121.5334961
14260000000,-140.2369648,,-146.3899033,,-122.9118565
14280000000,-141.7285514,,-147.8795168,,-124.2802048
14300000000,-143.209867,,-149.3600442,,-125.6386734
14320000000,-144.6810572,,-150.8316459,,-126.9873898
14340000000,-146.1422554,,-152.2944753,,-128.3264775
14360000000,-147.5935841,,-153.7486798,,-129.6560568
14380000000,-149.0351569,,-155.1944022,,-130.9762453
14400000000,-150.4670797,,-156.631781,,-132.2871588
14420000000,-151.8894521,,-158.0609518,,-133.5889117
14440000000,-153.3023687,,-159.4820477,,-134.8816177
14460000000,-154.7059201,,-160.8952001,,-136.1653897
14480000000,-156.1001936,,-162.3005388,,-137.440341
14500000000,-157.4852746,,-163.6981933,,-138.7065848
14520000000,-158.8612468,,-165.0882925,,-139.9642351
14540000000,-160.2281933,,-166.4709652,,-141.2134067
14560000000,-161.5861969,,-167.8463406,,-142.4542154
14580000000,-162.9353406,,-169.2145485,,-143.6867783
14600000000,-164.2757084,,-170.5757194,,-144.9112138
14620000000,-165.6073853,,-171.9299846,,-146.1276419
14640000000,-166.9304577,,-173.2774766,,-147.336184
14660000000,-168.245014,,-174.6183289,,-148.5369636
14680000000,-169.5511443,,-175.9526765,,-149.7301055
14700000000,-170.8489412,,-177.2806555,,-150.9157368
14720000000,-172.1384993,,-178.6024032,,-152.0939859
14740000000,-173.4199159,,-179.9180585,,-153.2649836
14760000000,-174.6932907,,178.7722386,,-154.4288623
14780000000,-175.9587262,,177.4683466,,-155.5857563
14800000000,-177.2163274,,176.170123,,-156.7358018
14820000000,-178.4662018,,174.877424,,-157.8791371
14840000000,-179.7084599,,173.5901044,,-159.0159021
14860000000,179.0567854,,172.3080182,,-160.1462387
14880000000,177.8294185,,171.0310183,,-161.2702906
14900000000,176.6093213,,169.7589566,,-162.3882033
14920000000,175.3963731,,168.4916842,,-163.5001241
14940000000,174.190451,,167.2290514,,-164.606202
14960000000,172.9914295,,165.9709078,,-165.706588
14980000000,171.799181,,164.7171026,,-166.8014346
15000000000,170.6135754,,163.4674843,,-167.890896
15020000000,169.4344809,,162.221901,,-168.370011
15040000000,168.2617634,,160.9802007,,-169.4790775
15060000000,167.095287,,159.7422311,,-170.5801112
15080000000,165.9349139,,158.5078397,,-171.6733988
15100000000,164.7805044,,157.2768743,,-172.7592258
15120000000,163.6319175,,156.0491827,,-173.8378759
15140000000,162.4890104,,154.8246128,,-174.9096312
15160000000,161.3516388,,153.6030129,,-175.9747714
15180000000,160.219657,,152.3842319,,-177.0335741
15200000000,159.092918,,151.1681191,,-178.0863144
15220000000,157.9712737,,149.9545243,,-179.1332649
15240000000,156.8545746,,148.7432983,,179.8253046
15260000000,155.7426702,,147.5342926,,178.7891265
15280000000,154.635409,,146.3273597,,177.7579365
15300000000,153.5326386,,145.1223532,,176.7314725
15320000000,152.4342054,,143.9191278,,175.7094753
15340000000,151.3399553,,142.7175395,,174.6916883
15360000000,150.2497331,,141.5174455,,173.6778575
15380000000,149.1633832,,140.3187048,,172.6677314
15400000000,148.0807489,,139.1211777,,171.6610607
15420000000,147.0016731,,137.9247264,,170.6575988
15440000000,145.925998,,136.7292147,,169.657101
15460000000,144.8535651,,135.5345085,,168.6593248
15480000000,143.7842154,,134.3404756,,167.6640295
15500000000,142.7177896,,133.1469859,,166.6709764
15520000000,141.6541273,,131.9539117,,165.6799284
15540000000,140.5930682,,130.7611275,,164.6906496
15560000000,139.5344512,,129.5685103,,163.7029058
15580000000,138.4781147,,128.3759398,,162.7164637
15600000000,137.4238967,,127.1832982,,161.7310911
15620000000,136.3716349,,125.9904707,,160.7465565
15640000000,135.3211662,,124.7973454,,159.762629
15660000000,134.2723274,,123.6038133,,158.7790781
15680000000,133.2249546,,122.4097688,,157.7956736
15700000000,132.1788836,,121.2151095,,156.8121853
15720000000,131.1339496,,120.0197364,,155.8283826
15740000000,130.0899875,,118.8235541,,154.8440347
15760000000,129.0468317,,117.6264708,,153.8589103
15780000000,128.004316,,116.4283985,,152.8727772
15800000000,126.9622739,,115.2292532,,151.885402
15820000000,125.9205382,,114.0289548,,150.8965504
15840000000,124.8789414,,112.8274274,,149.9059865
15860000000,123.8373154,,111.6245994,,148.9134729
15880000000,122.7954915,,110.4204035,,147.9187701
15900000000,121.7533007,,109.214777,,146.921637
15920000000,120.7105731,,108.0076617,,145.9218297
15940000000,119.6671387,,106.799004,,144.9191024
15960000000,118.6228265,,105.5887554,,143.9132061
15980000000,117.5774652,,104.3768722,,142.9038895
16000000000,116.5308828,,103.1633154,,141.8908979
16020000000,115.4829068,,101.9480514,,140.8739735
16040000000,114.4333641,,100.7310518,,139.8528549
16060000000,113.382081,,99.51229304,,138.8272774
16080000000,112.3288832,,98.29175721,,137.7969723
16100000000,111.2735957,,97.06943155,,136.7616672
16120000000,110.2160431,,95.84530872,,135.7210855
16140000000,109.1560493,,94.61938676,,134.6749463
16160000000,108.0934377,,93.39166914,,133.6229646
16180000000,107.0280311,,92.16216476,,132.5648508
16200000000,105.9596517,,90.93088792,,131.5003109
16220000000,104.8881213,,89.69785833,,130.4290462
16240000000,103.813261,,88.46310104,,129.3507535
16260000000,102.7348917,,87.22664642,,128.2651249
16280000000,101.6528337,,85.98853006,,127.1718476
16300000000,100.5669067,,84.74879273,,126.0706045
16320000000,99.47693032,,83.50748022,,124.9610738
16340000000,98.38272368,,82.26464326,,123.8429294
16360000000,97.28410565,,81.02033735,,122.7158405
16380000000,96.18089487,,79.77462265,,121.5794727
16400000000,95.07290976,,78.52756374,,120.4334873
16420000000,93.95996865,,77.27922945,,119.2775424
16440000000,92.84188979,,76.02969265,,118.1112925
16460000000,91.71849144,,74.77903001,,116.9343895
16480000000,90.58959195,,73.52732169,,115.7464829
16500000000,89.45500971,,72.27465115,,114.5472205
16520000000,88.31456363,,71.02110474,,113.3362489
16540000000,87.16807266,,69.76677148,,112.1132143
16560000000,86.01535625,,68.51174263,,110.8777633
16580000000,84.8562343,,67.25611138,,109.6295438
16600000000,83.69052732,,65.99997243,,108.3682059
16620000000,82.51805643,,64.7434216,,107.0934032
16640000000,81.33864353,,63.4865554,,105.8047942
16660000000,80.15211129,,62.22947059,,104.5020428
16680000000,78.95828331,,60.97226368,,103.1848209
16700000000,77.75698412,,59.71503048,,101.852809
16720000000,76.54803929,,58.45786556,,100.5056986
16740000000,75.33127544,,57.20086174,,99.14319354
16760000000,74.10652032,,55.94410955,,97.76501204
16780000000,72.87360278,,54.68769663,,96.3708889
16800000000,71.63235281,,53.43170714,,94.96057752
16820000000,70.38260146,,52.1762212,,93.53385215
16840000000,69.12418086,,50.92131418,,92.09051025
16860000000,67.85692407,,49.66705611,,90.63037485
16880000000,66.58066497,,48.41351093,,89.15329703
16900000000,65.29523812,,47.16073583,,87.65915838
16920000000,64.0004785,,45.9087805,,86.14787348
16940000000,62.69622122,,44.65768632,,84.61939234
16960000000,61.38230121,,43.40748563,,83.0737028
16980000000,60.05855279,,42.15820078,,81.51083278
17000000000,58.72480912,,40.90984334,,79.93085244
17020000000,57.38090163,,39.66241308,,78.33387608
17040000000,56.02665929,,38.41589704,,76.72006386
17060000000,54.66190777,,37.17026843,,75.0896232
17080000000,53.28646844,,35.92548549,,73.44280979
17100000000,51.90015726,,34.68149033,,71.77992824
17120000000,50.50278346,,33.43820758,,70.10133225
17140000000,49.09414801,,32.19554298,,68.40742426
17160000000,47.67404191,,30.95338188,,66.6986545
17180000000,46.2422442,,29.71158751,,64.97551946
17200000000,44.79851976,,28.46999921,,63.23855967
17220000000,43.34261656,,27.22843033,,61.48835675
17240000000,41.87426301,,25.98666605,,59.72552978
17260000000,40.39316447,,24.7444609,,57.95073082
17280000000,38.89899954,,23.50153595,,56.16463972
17300000000,37.39141582,,22.25757573,,54.36795812
17320000000,35.87002505,,21.0122248,,52.56140263
17340000000,34.33439768,,19.76508376,,50.7456973
17360000000,32.78405669,,18.51570489,,48.92156523
17380000000,31.21847051,,17.26358709,,47.0897195
17400000000,29.6370451,,16.00817018,,45.25085336
17420000000,28.03911485,,14.7488284,,43.40562966
17440000000,26.42393232,,13.4848629,,41.55466964
17460000000,24.79065641,,12.21549323,,39.69854095
17480000000,23.13833904,,10.93984741,,37.837745
17500000000,21.46590974,,9.656950572,,35.97270353
17520000000,19.77215807,,8.365711689,,34.10374436
17540000000,18.05571349,,7.064908245,,32.23108619
17560000000,16.31502203,,5.753168299,,30.35482239
17580000000,14.54831954,,4.428949531,,28.47490338
17600000000,12.75360062,,3.090514662,,26.5911176
17620000000,10.92858271,,1.735902532,,24.70307049
17640000000,9.070664339,,0.36289398,,22.81016111
17660000000,7.17687649,,-1.031028533,,20.91155586
17680000000,5.243826008,,-2.448728812,,19.00615852
17700000000,3.267629453,,-3.893473885,,17.0925758
17720000000,1.243835887,,-5.369001836,,15.16907711
17740000000,-0.832663328,,-6.879602756,,13.23354743
17760000000,-2.967739757,,-8.43021534,,11.2834313
17780000000,-5.168150342,,-10.02654213,,9.315665862
17800000000,-7.441679231,,-11.67518665,,7.326600398
17820000000,-9.797300812,,-13.38381572,,5.31189883
17840000000,-12.24536492,,-15.16135001,,3.266421197
17860000000,-14.79780333,,-17.01818404,,1.184078898
17880000000,-17.46835341,,-18.96643394,,-0.942342595
17900000000,-20.27278867,,-21.02020363,,-3.121401247
17920000000,-23.22913629,,-23.19584647,,-5.363265387
17940000000,-26.35784539,,-25.51217314,,-7.680040612
17960000000,-29.68184461,,-27.99050849,,-10.08616808
17980000000,-33.22638973,,-30.65441414,,-12.5989049
18000000000,-37.01854862,,-33.52874258,,-15.23889321
18020000000,-41.08610122,,-36.6374313,,-18.0308131
18040000000,-45.45555671,,-39.99902256,,-21.00408926
18060000000,-50.14893579,,-43.6182402,,-24.1935691
18080000000,-55.17899429,,-47.4710253,,-27.63999016
18100000000,-60.54277895,,-51.47927467,,-31.38987207
18120000000,-66.2139143,,-55.47031454,,-35.49415595
18140000000,-72.13484693,,-59.11499734,,-40.00442725
18160000000,-78.21115603,,-61.8370251,,-44.96491433
18180000000,-84.31031252,,-62.68811614,,-50.39789423
18200000000,-90.26610444,,-60.22961049,,-56.28037021
18220000000,-95.88712132,,-52.75884105,,-62.512191
18240000000,-100.9642438,,-39.9841014,,-68.88103709
18260000000,-105.2696813,,-25.62586948,,-75.03543414
18280000000,-108.5392391,,-14.62815956,,-80.4749187
18300000000,-110.4284556,,-8.171143996,,-84.54901007
18320000000,-110.4301445,,-5.02356587,,-86.43380126
18340000000,-107.7429444,,-3.874500161,,-85.06866303
18360000000,-101.1458293,,-3.870157179,,-79.18841467
18380000000,-89.29762572,,-4.512737585,,-68.05132624
18400000000,-72.58584117,,-5.517258222,,-53.40576561
18420000000,-55.28727467,,-6.719351069,,-39.65957042
18440000000,-42.00337348,,-8.023045689,,-29.74062325
18460000000,-33.48050707,,-9.371774955,,-23.56785141
18480000000,-28.43227039,,-10.73209926,,-20.02216331
18500000000,-25.59472713,,-12.08438848,,-18.14376676
18520000000,-24.13596756,,-13.41737389,,-17.30554198
18540000000,-23.55153383,,-14.72489923,,-17.12265453
18560000000,-23.53548865,,-16.00394934,,-17.35937502
18580000000,-23.89783965,,-17.25343631,,-17.86879225
18600000000,-24.51715099,,-18.47344328,,-18.55730401
18620000000,-25.31361927,,-19.66474922,,-19.36396163
18640000000,-26.23347989,,-20.82852892,,-20.24829361
18660000000,-27.23972113,,-21.96616325,,-21.18296983
18680000000,-28.30639126,,-23.07911985,,-22.14927598
18700000000,-29.4150099,,-24.16887886,,-23.13425636
18720000000,-30.55224759,,-25.23688772,,-24.12887055
18740000000,-31.70839018,,-26.28453485,,-25.12678047
18760000000,-32.87630145,,-27.31313535,,-26.12353781
18780000000,-34.05070912,,-28.32392453,,-27.11603078
18800000000,-35.22770529,,-29.31805638,,-28.10210205
18820000000,-36.40439158,,-30.29660506,,-29.08028122
18840000000,-37.5786237,,-31.2605682,,-30.04959559
18860000000,-38.74882538,,-32.21087126,,-31.0094346
18880000000,-39.91385137,,-33.14837234,,-31.95945209
18900000000,-41.07288547,,-34.07386713,,-32.89949511
18920000000,-42.22536414,,-34.98809389,,-33.82955166
18940000000,-43.37091863,,-35.89173811,,-34.74971228
18960000000,-44.50933098,,-36.78543699,,-35.66014145
18980000000,-45.64050022,,-37.66978362,,-36.56105641
19000000000,-46.7644165,,-38.54533084,,-37.45271126
19020000000,-47.8811407,,-39.41259473,,-38.33538512
19040000000,-48.99078889,,-40.2720579,,-39.2093733
19060000000,-50.09352003,,-41.12417243,,-40.07498064
19080000000,-51.18952638,,-41.96936256,,-40.93251659
19100000000,-52.27902594,,-42.80802714,,-41.78229156
19120000000,-53.36225652,,-43.64054184,,-42.62461422
19140000000,-54.439471,,-44.4672612,,-43.45978958
19160000000,-55.51093373,,-45.28852046,,-44.28811761
19180000000,-56.57691751,,-46.1046372,,-45.10989226
19200000000,-57.63770135,,-46.91591288,,-45.92540084
19220000000,-58.69356865,,-47.72263423,,-46.73492366
19240000000,-59.74480574,,-48.52507447,,-47.53873385
19260000000,-60.79170081,,-49.3234945,,-48.33709727
19280000000,-61.83454298,,-50.11814392,,-49.13027262
19300000000,-62.87362165,,-50.90926199,,-49.91851157
19320000000,-63.90922592,,-51.6970785,,-50.70205894
19340000000,-64.9416442,,-52.4818146,,-51.48115299
19360000000,-65.97116381,,-53.2636835,,-52.25602566
19380000000,-66.9980707,,-54.04289116,,-53.02690288
19400000000,-68.0226492,,-54.81963693,,-53.79400489
19420000000,-69.04518175,,-55.59411411,,-54.55754657
19440000000,-70.06594865,,-56.36651048,,-55.31773771
19460000000,-71.08522774,,-57.1370088,,-56.07478344
19480000000,-72.10329409,,-57.90578727,,-56.82888444
19500000000,-73.12041955,,-58.67301996,,-57.58023734
19520000000,-74.13687227,,-59.43887717,,-58.32903503
19540000000,-75.152916,,-60.20352586,,-59.07546694
19560000000,-76.16880931,,-60.96712996,,-59.8197194
19580000000,-77.18480453,,-61.72985069,,-60.5619759
19600000000,-78.20114645,,-62.49184688,,-61.30241742
19620000000,-79.21807065,,-63.25327527,,-62.04122274
19640000000,-80.23580143,,-64.01429077,,-62.7785687
19660000000,-81.25454913,,-64.7750467,,-63.51463051
19680000000,-82.27450676,,-65.5356951,,-64.24958204
19700000000,-83.29584578,,-66.29638687,,-64.98359612
19720000000,-84.31871057,,-67.05727208,,-65.71684477
19740000000,-85.34321143,,-67.81850015,,-66.44949956
19760000000,-86.36941559,,-68.58022004,,-67.18173185
19780000000,-87.39733539,,-69.3425805,,-67.91371307
19800000000,-88.42691289,,-70.1057302,,-68.64561505
19820000000,-89.45799954,,-70.86981797,,-69.37761024
19840000000,-90.49032902,,-71.63499295,,-70.10987209
19860000000,-91.52348009,,-72.40140477,,-70.84257526
19880000000,-92.55682665,,-73.16920375,,-71.57589599
19900000000,-93.58946717,,-73.93854105,,-72.31001239
19920000000,-94.62012517,,-74.7095688,,-73.04510473
19940000000,-95.64700531,,-75.48244036,,-73.78135579
19960000000,-96.66758053,,-76.25731036,,-74.5189512
19980000000,-97.6782687,,-77.03433497,,-75.25807977
20000000000,-98.6739263,,-77.81367198,,-75.99893384
