Frequency,GD,GD(ns)
1,1.70E-10,0.17032561
1.02,1.70E-10,0.169839814
1.04,1.69E-10,0.168881691
1.06,1.68E-10,0.167950914
1.08,1.67E-10,0.167048288
1.1,1.66E-10,0.1661746
1.12,1.65E-10,0.165330625
1.14,1.65E-10,0.16451713
1.16,1.64E-10,0.163734882
1.18,1.63E-10,0.162984658
1.2,1.62E-10,0.162267244
1.22,1.62E-10,0.161583448
1.24,1.61E-10,0.160934107
1.26,1.60E-10,0.160320093
1.28,1.60E-10,0.159742321
1.3,1.59E-10,0.15920176
1.32,1.59E-10,0.158699443
1.34,1.58E-10,0.158236474
1.36,1.58E-10,0.157814043
1.38,1.57E-10,0.157433436
1.4,1.57E-10,0.157096049
1.42,1.57E-10,0.156803405
1.44,1.57E-10,0.156557168
1.46,1.56E-10,0.156359162
1.48,1.56E-10,0.156211392
1.5,1.56E-10,0.156116068
1.52,1.56E-10,0.156075629
1.54,1.56E-10,0.156092774
1.56,1.56E-10,0.156170497
1.58,1.56E-10,0.156312121
1.6,1.57E-10,0.156521344
1.62,1.57E-10,0.15680229
1.64,1.57E-10,0.157159564
1.66,1.58E-10,0.157598319
1.68,1.58E-10,0.158124333
1.7,1.59E-10,0.158744097
1.72,1.59E-10,0.159464921
1.74,1.60E-10,0.160295053
1.76,1.61E-10,0.161243821
1.78,1.62E-10,0.162321802
1.8,1.64E-10,0.163541021
1.82,1.65E-10,0.164915183
1.84,1.66E-10,0.166459959
1.86,1.68E-10,0.168193315
1.88,1.70E-10,0.170135922
1.9,1.72E-10,0.172311641
1.92,1.75E-10,0.174748115
1.94,1.77E-10,0.177477494
1.96,1.81E-10,0.180537316
1.98,1.84E-10,0.183971605
2,1.88E-10,0.187832217
2.02,1.92E-10,0.192180534
2.04,1.97E-10,0.197089569
2.06,2.03E-10,0.202646641
2.08,2.09E-10,0.20895675
2.1,2.16E-10,0.216146894
2.12,2.24E-10,0.224371612
2.14,2.34E-10,0.23382013
2.16,2.45E-10,0.244725641
2.18,2.57E-10,0.257377396
2.2,2.72E-10,0.27213649
2.22,2.89E-10,0.28945651
2.24,3.10E-10,0.309910406
2.26,3.34E-10,0.334225144
2.28,3.63E-10,0.363325406
2.3,3.98E-10,0.398386322
2.32,4.41E-10,0.440891343
2.34,4.93E-10,0.492681707
2.36,5.56E-10,0.555961892
2.38,6.33E-10,0.633178844
2.4,7.27E-10,0.726603698
2.42,8.37E-10,0.837302825
2.44,9.63E-10,0.963045721
2.46,1.09E-09,1.09482217
2.48,1.21E-09,1.212562806
2.5,1.28E-09,1.282276196
2.52,1.26E-09,1.255086578
2.54,1.05E-09,1.048468872
2.56,3.52E-10,0.352272347
2.58,-3.83E-09,-3.825864533
2.6,-8.10E-09,-8.103285308
2.62,-4.76E-09,-4.755231792
2.64,-2.96E-10,-0.296127786
2.66,2.76E-10,0.275527744
2.68,3.87E-10,0.387466201
2.7,4.01E-10,0.401057073
2.72,3.87E-10,0.386619398
2.74,3.64E-10,0.36437162
2.76,3.41E-10,0.341172423
2.78,3.19E-10,0.319435384
2.8,3.00E-10,0.299912595
2.82,2.83E-10,0.282704743
2.84,2.68E-10,0.267662326
2.86,2.55E-10,0.254552914
2.88,2.43E-10,0.243131565
2.9,2.33E-10,0.233169267
2.92,2.24E-10,0.224462791
2.94,2.17E-10,0.216836378
2.96,2.10E-10,0.210140012
2.98,2.04E-10,0.20424646
3,1.99E-10,0.199048081
3.02,1.94E-10,0.194453824
3.04,1.90E-10,0.190386573
3.06,1.87E-10,0.186780875
3.08,1.84E-10,0.183581021
3.1,1.81E-10,0.180739454
3.12,1.78E-10,0.178215446
3.14,1.76E-10,0.175974
3.16,1.74E-10,0.173984943
3.18,1.72E-10,0.172222175
3.2,1.71E-10,0.170663048
3.22,1.69E-10,0.169287843
3.24,1.68E-10,0.16807934
3.26,1.67E-10,0.167022455
3.28,1.66E-10,0.166103935
3.3,1.65E-10,0.165312103
3.32,1.65E-10,0.164636643
3.34,1.64E-10,0.164068415
3.36,1.64E-10,0.163599298
3.38,1.63E-10,0.16322206
3.4,1.63E-10,0.162930242
3.42,1.63E-10,0.162718061
3.44,1.63E-10,0.162580325
3.46,1.63E-10,0.162512362
3.48,1.63E-10,0.162509954
3.5,1.63E-10,0.162569285
3.52,1.63E-10,0.162686889
3.54,1.63E-10,0.162859614
3.56,1.63E-10,0.163084579
3.58,1.63E-10,0.163359146
3.6,1.64E-10,0.163680889
3.62,1.64E-10,0.164047567
3.64,1.64E-10,0.164457107
3.66,1.65E-10,0.164907576
3.68,1.65E-10,0.165397168
3.7,1.66E-10,0.165924188
3.72,1.66E-10,0.166487032
3.74,1.67E-10,0.167084181
3.76,1.68E-10,0.167714181
3.78,1.68E-10,0.168375638
3.8,1.69E-10,0.169067206
3.82,1.70E-10,0.169787575
3.84,1.71E-10,0.170535468
3.86,1.71E-10,0.171309626
3.88,1.72E-10,0.172108808
3.9,1.73E-10,0.172931779
3.92,1.74E-10,0.173777305
3.94,1.75E-10,0.174644149
3.96,1.76E-10,0.175531065
3.98,1.76E-10,0.176436791
4,1.77E-10,0.177360048
4.02,1.78E-10,0.178299532
4.04,1.79E-10,0.179253915
4.06,1.80E-10,0.180221838
4.08,1.81E-10,0.181201909
4.1,1.82E-10,0.182192702
4.12,1.83E-10,0.183192753
4.14,1.84E-10,0.18420056
4.16,1.85E-10,0.18521458
4.18,1.86E-10,0.186233232
4.2,1.87E-10,0.187254891
4.22,1.88E-10,0.188277895
4.24,1.89E-10,0.189300538
4.26,1.90E-10,0.19032108
4.28,1.91E-10,0.19133774
4.3,1.92E-10,0.192348707
4.32,1.93E-10,0.193352136
4.34,1.94E-10,0.194346154
4.36,1.95E-10,0.195328865
4.38,1.96E-10,0.196298353
4.4,1.97E-10,0.197252688
4.42,1.98E-10,0.198189932
4.44,1.99E-10,0.199108144
4.46,2.00E-10,0.200005386
4.48,2.01E-10,0.200879733
4.5,2.02E-10,0.201729277
4.52,2.03E-10,0.202552139
4.54,2.03E-10,0.203346473
4.56,2.04E-10,0.204110476
4.58,2.05E-10,0.204842396
4.6,2.06E-10,0.205540542
4.62,2.06E-10,0.206203293
4.64,2.07E-10,0.206829103
4.66,2.07E-10,0.207416514
4.68,2.08E-10,0.20796416
4.7,2.08E-10,0.20847078
4.72,2.09E-10,0.208935219
4.74,2.09E-10,0.209356441
4.76,2.10E-10,0.209733531
4.78,2.10E-10,0.210065706
4.8,2.10E-10,0.210352311
4.82,2.11E-10,0.210592835
4.84,2.11E-10,0.210786904
4.86,2.11E-10,0.210934291
4.88,2.11E-10,0.211034911
4.9,2.11E-10,0.211088827
4.92,2.11E-10,0.21109625
4.94,2.11E-10,0.211057533
4.96,2.11E-10,0.210973172
4.98,2.11E-10,0.210843803
5,2.11E-10,0.210767955
5,2.10E-10,0.209945653
5.02,2.10E-10,0.209795171
5.04,2.09E-10,0.209471396
5.06,2.09E-10,0.209102703
5.08,2.09E-10,0.208690558
5.1,2.08E-10,0.208236535
5.12,2.08E-10,0.207742308
5.14,2.07E-10,0.207209639
5.16,2.07E-10,0.206640373
5.18,2.06E-10,0.206036422
5.2,2.05E-10,0.20539976
5.22,2.05E-10,0.204732412
5.24,2.04E-10,0.204036442
5.26,2.03E-10,0.203313948
5.28,2.03E-10,0.202567047
5.3,2.02E-10,0.201797872
5.32,2.01E-10,0.201008559
5.34,2.00E-10,0.200201241
5.36,1.99E-10,0.19937804
5.38,1.99E-10,0.19854106
5.4,1.98E-10,0.197692383
5.42,1.97E-10,0.196834059
5.44,1.96E-10,0.195968103
5.46,1.95E-10,0.19509649
5.48,1.94E-10,0.194221152
5.5,1.93E-10,0.193343975
5.52,1.92E-10,0.192466791
5.54,1.92E-10,0.191591383
5.56,1.91E-10,0.190719479
5.58,1.90E-10,0.18985275
5.6,1.89E-10,0.188992812
5.62,1.88E-10,0.188141226
5.64,1.87E-10,0.187299493
5.66,1.86E-10,0.18646906
5.68,1.86E-10,0.185651319
5.7,1.85E-10,0.184847608
5.72,1.84E-10,0.184059212
5.74,1.83E-10,0.183287365
5.76,1.83E-10,0.182533254
5.78,1.82E-10,0.181798018
5.8,1.81E-10,0.181082753
5.82,1.80E-10,0.180388515
5.84,1.80E-10,0.179716319
5.86,1.79E-10,0.179067148
5.88,1.78E-10,0.178441951
5.9,1.78E-10,0.177841647
5.92,1.77E-10,0.177267134
5.94,1.77E-10,0.176719284
5.96,1.76E-10,0.176198951
5.98,1.76E-10,0.175706977
6,1.75E-10,0.175244192
6.02,1.75E-10,0.174811418
6.04,1.74E-10,0.174409476
6.06,1.74E-10,0.174039187
6.08,1.74E-10,0.173701379
6.1,1.73E-10,0.173396889
6.12,1.73E-10,0.173126569
6.14,1.73E-10,0.172891291
6.16,1.73E-10,0.172691949
6.18,1.73E-10,0.172529469
6.2,1.72E-10,0.172404811
6.22,1.72E-10,0.172318974
6.24,1.72E-10,0.172273005
6.26,1.72E-10,0.172268003
6.28,1.72E-10,0.172305125
6.3,1.72E-10,0.172385595
6.32,1.73E-10,0.172510711
6.34,1.73E-10,0.172681854
6.36,1.73E-10,0.172900493
6.38,1.73E-10,0.173168198
6.4,1.73E-10,0.173486649
6.42,1.74E-10,0.173857648
6.44,1.74E-10,0.174283128
6.46,1.75E-10,0.174765169
6.48,1.75E-10,0.17530601
6.5,1.76E-10,0.175908067
6.52,1.77E-10,0.176573948
6.54,1.77E-10,0.177306472
6.56,1.78E-10,0.178108688
6.58,1.79E-10,0.178983902
6.6,1.80E-10,0.1799357
6.62,1.81E-10,0.180967972
6.64,1.82E-10,0.182084947
6.66,1.83E-10,0.183291228
6.68,1.85E-10,0.184591824
6.7,1.86E-10,0.185992199
6.72,1.87E-10,0.187498311
6.74,1.89E-10,0.189116671
6.76,1.91E-10,0.190854398
6.78,1.93E-10,0.192719282
6.8,1.95E-10,0.194719859
6.82,1.97E-10,0.196865487
6.84,1.99E-10,0.199166444
6.86,2.02E-10,0.201634017
6.88,2.04E-10,0.204280624
6.9,2.07E-10,0.207119933
6.92,2.10E-10,0.210167001
6.94,2.13E-10,0.21343843
6.96,2.17E-10,0.216952537
6.98,2.21E-10,0.22072954
7,2.25E-10,0.224791771
7.02,2.29E-10,0.229163898
7.04,2.34E-10,0.233873171
7.06,2.39E-10,0.238949687
7.08,2.44E-10,0.244426666
7.1,2.50E-10,0.250340738
7.12,2.57E-10,0.25673223
7.14,2.64E-10,0.263645436
7.16,2.71E-10,0.271128856
7.18,2.79E-10,0.279235367
7.2,2.88E-10,0.288022278
7.22,2.98E-10,0.297551221
7.24,3.08E-10,0.307887767
7.26,3.19E-10,0.31910067
7.28,3.31E-10,0.331260554
7.3,3.44E-10,0.344437848
7.32,3.59E-10,0.358699662
7.34,3.74E-10,0.374105266
7.36,3.91E-10,0.390699721
7.38,4.09E-10,0.40850516
7.4,4.28E-10,0.42750916
7.42,4.48E-10,0.447649681
7.44,4.69E-10,0.468796191
7.46,4.91E-10,0.490726953
7.48,5.13E-10,0.513102993
7.5,5.35E-10,0.535440182
7.52,5.57E-10,0.55708179
7.54,5.77E-10,0.577174686
7.56,5.95E-10,0.594652058
7.58,6.08E-10,0.608222986
7.6,6.16E-10,0.616362375
7.62,6.17E-10,0.61728112
7.64,6.09E-10,0.608831418
7.66,5.88E-10,0.588256219
7.68,5.52E-10,0.551597215
7.7,4.92E-10,0.492349861
7.72,3.98E-10,0.398335214
7.74,2.44E-10,0.243852407
7.76,-3.24E-11,-0.032363256
7.78,-5.96E-10,-0.596048638
7.8,-1.89E-09,-1.892639278
7.82,-4.06E-09,-4.058286476
7.84,-4.62E-09,-4.616732131
7.86,-2.76E-09,-2.755583074
7.88,-1.08E-09,-1.080172155
7.9,-3.58E-10,-0.358161818
7.92,-4.49E-11,-0.044902811
7.94,1.07E-10,0.107438359
7.96,1.88E-10,0.18795194
7.98,2.33E-10,0.232578846
8,2.58E-10,0.257722047
8.02,2.72E-10,0.271642
8.04,2.79E-10,0.27882591
8.06,2.82E-10,0.281857317
8.08,2.82E-10,0.282291828
8.1,2.81E-10,0.28109885
8.12,2.79E-10,0.278898398
8.14,2.76E-10,0.276094629
8.16,2.73E-10,0.272954397
8.18,2.70E-10,0.269655121
8.2,2.66E-10,0.266314844
8.22,2.63E-10,0.2630116
8.24,2.60E-10,0.259796136
8.26,2.57E-10,0.25670045
8.28,2.54E-10,0.253743586
8.3,2.51E-10,0.250935626
8.32,2.48E-10,0.248280467
8.34,2.46E-10,0.245777768
8.36,2.43E-10,0.243424326
8.38,2.41E-10,0.241215045
8.4,2.39E-10,0.239143628
8.42,2.37E-10,0.237203072
8.44,2.35E-10,0.235386008
8.46,2.34E-10,0.233684949
8.48,2.32E-10,0.232092461
8.5,2.31E-10,0.230601275
8.52,2.29E-10,0.229204369
8.54,2.28E-10,0.227895015
8.56,2.27E-10,0.226666808
8.58,2.26E-10,0.225513684
8.6,2.24E-10,0.224429923
8.62,2.23E-10,0.223410145
8.64,2.22E-10,0.222449306
8.66,2.22E-10,0.221542685
8.68,2.21E-10,0.220685873
8.7,2.20E-10,0.219874759
8.72,2.19E-10,0.219105513
8.74,2.18E-10,0.218374576
8.76,2.18E-10,0.217678642
8.78,2.17E-10,0.217014643
8.8,2.16E-10,0.216379741
8.82,2.16E-10,0.215771308
8.84,2.15E-10,0.215186918
8.86,2.15E-10,0.214624334
8.88,2.14E-10,0.214081496
8.9,2.14E-10,0.213556511
8.92,2.13E-10,0.213047644
8.94,2.13E-10,0.212553307
8.96,2.12E-10,0.212072051
8.98,2.12E-10,0.211602555
9,2.11E-10,0.211143625
9.02,2.11E-10,0.210694176
9.04,2.10E-10,0.210253236
9.06,2.10E-10,0.20981993
9.08,2.09E-10,0.209393478
9.1,2.09E-10,0.20897319
9.12,2.09E-10,0.208558456
9.14,2.08E-10,0.208148745
9.16,2.08E-10,0.207743596
9.18,2.07E-10,0.207342616
9.2,2.07E-10,0.206945472
9.22,2.07E-10,0.20655189
9.24,2.06E-10,0.206161646
9.26,2.06E-10,0.205774569
9.28,2.05E-10,0.205390527
9.3,2.05E-10,0.205009433
9.32,2.05E-10,0.204631235
9.34,2.04E-10,0.204255915
9.36,2.04E-10,0.203883485
9.38,2.04E-10,0.203513984
9.4,2.03E-10,0.203147476
9.42,2.03E-10,0.202784045
9.44,2.02E-10,0.202423793
9.46,2.02E-10,0.202066839
9.48,2.02E-10,0.201713316
9.5,2.01E-10,0.201363365
9.52,2.01E-10,0.201017139
9.54,2.01E-10,0.200674798
9.56,2.00E-10,0.200336504
9.58,2.00E-10,0.200002426
9.6,2.00E-10,0.199672731
9.62,1.99E-10,0.199347588
9.64,1.99E-10,0.199027165
9.66,1.99E-10,0.198711627
9.68,1.98E-10,0.198401133
9.7,1.98E-10,0.19809584
9.72,1.98E-10,0.197795896
9.74,1.98E-10,0.197501445
9.76,1.97E-10,0.197212622
9.78,1.97E-10,0.196929553
9.8,1.97E-10,0.196652355
9.82,1.96E-10,0.196381136
9.84,1.96E-10,0.196115995
9.86,1.96E-10,0.195857017
9.88,1.96E-10,0.19560428
9.9,1.95E-10,0.195357849
9.92,1.95E-10,0.195117778
9.94,1.95E-10,0.194884111
9.96,1.95E-10,0.194656879
9.98,1.94E-10,0.194436101
10,1.94E-10,0.194327328
10,1.95E-10,0.19518862
10.02,1.95E-10,0.195069697
10.04,1.95E-10,0.194835794
10.06,1.95E-10,0.194609732
10.08,1.94E-10,0.1943914
10.1,1.94E-10,0.194180664
10.12,1.94E-10,0.19397737
10.14,1.94E-10,0.193781346
10.16,1.94E-10,0.193592399
10.18,1.93E-10,0.193410323
10.2,1.93E-10,0.193234892
10.22,1.93E-10,0.193065872
10.24,1.93E-10,0.192903013
10.26,1.93E-10,0.192746056
10.28,1.93E-10,0.192594731
10.3,1.92E-10,0.192448762
10.32,1.92E-10,0.192307864
10.34,1.92E-10,0.19217175
10.36,1.92E-10,0.192040126
10.38,1.92E-10,0.191912696
10.4,1.92E-10,0.191789165
10.42,1.92E-10,0.191669236
10.44,1.92E-10,0.191552613
10.46,1.91E-10,0.191439004
10.48,1.91E-10,0.191328119
10.5,1.91E-10,0.191219674
10.52,1.91E-10,0.191113393
10.54,1.91E-10,0.191009002
10.56,1.91E-10,0.190906242
10.58,1.91E-10,0.190804857
10.6,1.91E-10,0.190704608
10.62,1.91E-10,0.190605261
10.64,1.91E-10,0.190506601
10.66,1.90E-10,0.19040842
10.68,1.90E-10,0.190310531
10.7,1.90E-10,0.190212756
10.72,1.90E-10,0.190114938
10.74,1.90E-10,0.190016935
10.76,1.90E-10,0.189918622
10.78,1.90E-10,0.189819894
10.8,1.90E-10,0.189720665
10.82,1.90E-10,0.189620866
10.84,1.90E-10,0.189520452
10.86,1.89E-10,0.189419398
10.88,1.89E-10,0.189317699
10.9,1.89E-10,0.189215372
10.92,1.89E-10,0.189112459
10.94,1.89E-10,0.189009021
10.96,1.89E-10,0.188905145
10.98,1.89E-10,0.188800941
11,1.89E-10,0.188696541
11.02,1.89E-10,0.188592103
11.04,1.88E-10,0.188487807
11.06,1.88E-10,0.18838386
11.08,1.88E-10,0.188280492
11.1,1.88E-10,0.188177959
11.12,1.88E-10,0.188076539
11.14,1.88E-10,0.187976538
11.16,1.88E-10,0.187878287
11.18,1.88E-10,0.187782141
11.2,1.88E-10,0.187688481
11.22,1.88E-10,0.187597714
11.24,1.88E-10,0.187510272
11.26,1.87E-10,0.187426613
11.28,1.87E-10,0.187347222
11.3,1.87E-10,0.187272609
11.32,1.87E-10,0.187203313
11.34,1.87E-10,0.187139897
11.36,1.87E-10,0.187082954
11.38,1.87E-10,0.187033104
11.4,1.87E-10,0.186990994
11.42,1.87E-10,0.186957303
11.44,1.87E-10,0.186932737
11.46,1.87E-10,0.186918035
11.48,1.87E-10,0.186913967
11.5,1.87E-10,0.186921335
11.52,1.87E-10,0.186940976
11.54,1.87E-10,0.186973762
11.56,1.87E-10,0.187020604
11.58,1.87E-10,0.187082449
11.6,1.87E-10,0.187160288
11.62,1.87E-10,0.187255155
11.64,1.87E-10,0.18736813
11.66,1.88E-10,0.187500341
11.68,1.88E-10,0.18765297
11.7,1.88E-10,0.187827256
11.72,1.88E-10,0.188024496
11.74,1.88E-10,0.188246053
11.76,1.88E-10,0.188493361
11.78,1.89E-10,0.188767928
11.8,1.89E-10,0.189071344
11.82,1.89E-10,0.189405288
11.84,1.90E-10,0.189771537
11.86,1.90E-10,0.190171972
11.88,1.91E-10,0.190608588
11.9,1.91E-10,0.191083506
11.92,1.92E-10,0.191598986
11.94,1.92E-10,0.192157436
11.96,1.93E-10,0.19276143
11.98,1.93E-10,0.193413724
12,1.94E-10,0.194117273
12.02,1.95E-10,0.194875254
12.04,1.96E-10,0.195691083
12.06,1.97E-10,0.19656845
12.08,1.98E-10,0.197511336
12.1,1.99E-10,0.198524056
12.12,2.00E-10,0.199611286
12.14,2.01E-10,0.200778108
12.16,2.02E-10,0.202030055
12.18,2.03E-10,0.203373159
12.2,2.05E-10,0.204814011
12.22,2.06E-10,0.206359825
12.24,2.08E-10,0.208018506
12.26,2.10E-10,0.209798737
12.28,2.12E-10,0.211710069
12.3,2.14E-10,0.213763023
12.32,2.16E-10,0.215969206
12.34,2.18E-10,0.218341445
12.36,2.21E-10,0.220893928
12.38,2.24E-10,0.223642372
12.4,2.27E-10,0.226604204
12.42,2.30E-10,0.229798765
12.44,2.33E-10,0.233247527
12.46,2.37E-10,0.236974341
12.48,2.41E-10,0.241005694
12.5,2.45E-10,0.245370978
12.52,2.50E-10,0.25010277
12.54,2.55E-10,0.255237094
12.56,2.61E-10,0.260813646
12.58,2.67E-10,0.266875952
12.6,2.73E-10,0.273471383
12.62,2.81E-10,0.280650951
12.64,2.88E-10,0.288468734
12.66,2.97E-10,0.296980729
12.68,3.06E-10,0.306242817
12.7,3.16E-10,0.316307355
12.72,3.27E-10,0.327217697
12.74,3.39E-10,0.338999565
12.76,3.52E-10,0.351647659
12.78,3.65E-10,0.365105089
12.8,3.79E-10,0.379231949
12.82,3.94E-10,0.393757427
12.84,4.08E-10,0.408206774
12.86,4.22E-10,0.421789499
12.88,4.33E-10,0.433226555
12.9,4.40E-10,0.440478892
12.92,4.40E-10,0.440309867
12.94,4.28E-10,0.427552942
12.96,3.94E-10,0.393825657
12.98,3.25E-10,0.325150565
13,1.97E-10,0.197388144
13.02,-3.23E-11,-0.032280655
13.04,-4.37E-10,-0.436863684
13.06,-1.10E-09,-1.10298479
13.08,-1.95E-09,-1.947059437
13.1,-2.42E-09,-2.422050938
13.12,-2.06E-09,-2.061132899
13.14,-1.25E-09,-1.24616986
13.16,-5.66E-10,-0.565733335
13.18,-1.48E-10,-0.147844929
13.2,8.92E-11,0.089241329
13.22,2.22E-10,0.222131849
13.24,2.96E-10,0.295956321
13.26,3.36E-10,0.3356393
13.28,3.55E-10,0.355168518
13.3,3.63E-10,0.36264668
13.32,3.63E-10,0.362908812
13.34,3.59E-10,0.358907258
13.36,3.52E-10,0.35247318
13.38,3.45E-10,0.344751885
13.4,3.36E-10,0.336460414
13.42,3.28E-10,0.328044333
13.44,3.20E-10,0.319775377
13.46,3.12E-10,0.311813344
13.48,3.04E-10,0.30424587
13.5,2.97E-10,0.297114257
13.52,2.90E-10,0.290430355
13.54,2.84E-10,0.284187661
13.56,2.78E-10,0.278368612
13.58,2.73E-10,0.272949378
13.6,2.68E-10,0.267902989
13.62,2.63E-10,0.263201357
13.64,2.59E-10,0.258816559
13.66,2.55E-10,0.254721624
13.68,2.51E-10,0.250890993
13.7,2.47E-10,0.247300764
13.72,2.44E-10,0.243928791
13.74,2.41E-10,0.240754697
13.76,2.38E-10,0.237759824
13.78,2.35E-10,0.234927158
13.8,2.32E-10,0.232241223
13.82,2.30E-10,0.22968798
13.84,2.27E-10,0.227254712
13.86,2.25E-10,0.224929918
13.88,2.23E-10,0.222703211
13.9,2.21E-10,0.220565221
13.92,2.19E-10,0.218507502
13.94,2.17E-10,0.216522453
13.96,2.15E-10,0.214603237
13.98,2.13E-10,0.212743716
14,2.11E-10,0.210938383
14.02,2.09E-10,0.209182306
14.04,2.07E-10,0.207471074
14.06,2.06E-10,0.205800752
14.08,2.04E-10,0.204167832
14.1,2.03E-10,0.202569199
14.12,2.01E-10,0.201002093
14.14,1.99E-10,0.199464073
14.16,1.98E-10,0.197952991
14.18,1.96E-10,0.196466965
14.2,1.95E-10,0.19500435
14.22,1.94E-10,0.193563718
14.24,1.92E-10,0.192143839
14.26,1.91E-10,0.190743659
14.28,1.89E-10,0.189362282
14.3,1.88E-10,0.187998958
14.32,1.87E-10,0.186653065
14.34,1.85E-10,0.185324096
14.36,1.84E-10,0.184011651
14.38,1.83E-10,0.182715418
14.4,1.81E-10,0.181435172
14.42,1.80E-10,0.180170756
14.44,1.79E-10,0.178922082
14.46,1.78E-10,0.177689117
14.48,1.76E-10,0.176471878
14.5,1.75E-10,0.175270425
14.52,1.74E-10,0.174084855
14.54,1.73E-10,0.1729153
14.56,1.72E-10,0.171761918
14.58,1.71E-10,0.170624888
14.6,1.70E-10,0.169504414
14.62,1.68E-10,0.16840071
14.64,1.67E-10,0.167314009
14.66,1.66E-10,0.16624455
14.68,1.65E-10,0.165192582
14.7,1.64E-10,0.164158359
14.72,1.63E-10,0.163142142
14.74,1.62E-10,0.16214419
14.76,1.61E-10,0.161164768
14.78,1.60E-10,0.160204137
14.8,1.59E-10,0.159262561
14.82,1.58E-10,0.158340299
14.84,1.57E-10,0.157437612
14.86,1.57E-10,0.156554756
14.88,1.56E-10,0.155691983
14.9,1.55E-10,0.154849546
14.92,1.54E-10,0.15402769
14.94,1.53E-10,0.153226663
14.96,1.52E-10,0.152446704
14.98,1.52E-10,0.151688054
15,1.51E-10,0.151314085
15,1.55E-10,0.155192643
15.02,1.55E-10,0.154614829
15.04,1.53E-10,0.153479181
15.06,1.52E-10,0.152383425
15.08,1.51E-10,0.151327404
15.1,1.50E-10,0.150310914
15.12,1.49E-10,0.149333712
15.14,1.48E-10,0.14839552
15.16,1.47E-10,0.147496035
15.18,1.47E-10,0.146634928
15.2,1.46E-10,0.145811856
15.22,1.45E-10,0.145026461
15.24,1.44E-10,0.144278375
15.26,1.44E-10,0.143567227
15.28,1.43E-10,0.142892642
15.3,1.42E-10,0.142254249
15.32,1.42E-10,0.141651678
15.34,1.41E-10,0.141084569
15.36,1.41E-10,0.140552568
15.38,1.40E-10,0.140055334
15.4,1.40E-10,0.139592539
15.42,1.39E-10,0.13916387
15.44,1.39E-10,0.13876903
15.46,1.38E-10,0.138407742
15.48,1.38E-10,0.138079745
15.5,1.38E-10,0.137784803
15.52,1.38E-10,0.137522696
15.54,1.37E-10,0.137293233
15.56,1.37E-10,0.137096241
15.58,1.37E-10,0.136931575
15.6,1.37E-10,0.136799112
15.62,1.37E-10,0.136698758
15.64,1.37E-10,0.136630442
15.66,1.37E-10,0.136594123
15.68,1.37E-10,0.136589783
15.7,1.37E-10,0.136617436
15.72,1.37E-10,0.13667712
15.74,1.37E-10,0.136768905
15.76,1.37E-10,0.136892887
15.78,1.37E-10,0.13704919
15.8,1.37E-10,0.13723797
15.82,1.37E-10,0.137459408
15.84,1.38E-10,0.137713717
15.86,1.38E-10,0.138001138
15.88,1.38E-10,0.138321939
15.9,1.39E-10,0.138676418
15.92,1.39E-10,0.139064903
15.94,1.39E-10,0.139487748
15.96,1.40E-10,0.139945334
15.98,1.40E-10,0.140438071
16,1.41E-10,0.140966394
16.02,1.42E-10,0.141530766
16.04,1.42E-10,0.142131672
16.06,1.43E-10,0.142769623
16.08,1.43E-10,0.143445151
16.1,1.44E-10,0.144158811
16.12,1.45E-10,0.144911177
16.14,1.46E-10,0.14570284
16.16,1.47E-10,0.146534409
16.18,1.47E-10,0.147406505
16.2,1.48E-10,0.14831976
16.22,1.49E-10,0.149274816
16.24,1.50E-10,0.150272318
16.26,1.51E-10,0.151312914
16.28,1.52E-10,0.152397247
16.3,1.54E-10,0.153525955
16.32,1.55E-10,0.154699664
16.34,1.56E-10,0.15591898
16.36,1.57E-10,0.15718449
16.38,1.58E-10,0.158496748
16.4,1.60E-10,0.159856271
16.42,1.61E-10,0.161263532
16.44,1.63E-10,0.162718952
16.46,1.64E-10,0.164222886
16.48,1.66E-10,0.165775621
16.5,1.67E-10,0.167377359
16.52,1.69E-10,0.169028207
16.54,1.71E-10,0.170728168
16.56,1.72E-10,0.172477123
16.58,1.74E-10,0.174274823
16.6,1.76E-10,0.176120869
16.62,1.78E-10,0.178014703
16.64,1.80E-10,0.179955586
16.66,1.82E-10,0.181942588
16.68,1.84E-10,0.183974567
16.7,1.86E-10,0.186050156
16.72,1.88E-10,0.188167743
16.74,1.90E-10,0.190325459
16.76,1.93E-10,0.192521156
16.78,1.95E-10,0.194752397
16.8,1.97E-10,0.197016441
16.82,1.99E-10,0.199310227
16.84,2.02E-10,0.201630368
16.86,2.04E-10,0.20397314
16.88,2.06E-10,0.206334477
16.9,2.09E-10,0.208709969
16.92,2.11E-10,0.211094864
16.94,2.13E-10,0.213484075
16.96,2.16E-10,0.215872192
16.98,2.18E-10,0.218253497
17,2.21E-10,0.220621993
17.02,2.23E-10,0.222971429
17.04,2.25E-10,0.225295338
17.06,2.28E-10,0.227587088
17.08,2.30E-10,0.229839928
17.1,2.32E-10,0.232047051
17.12,2.34E-10,0.234201665
17.14,2.36E-10,0.236297066
17.16,2.38E-10,0.238326722
17.18,2.40E-10,0.240284363
17.2,2.42E-10,0.242164077
17.22,2.44E-10,0.243960409
17.24,2.46E-10,0.245668467
17.26,2.47E-10,0.247284032
17.28,2.49E-10,0.24880366
17.3,2.50E-10,0.250224798
17.32,2.52E-10,0.25154589
17.34,2.53E-10,0.252766487
17.36,2.54E-10,0.253887347
17.38,2.55E-10,0.254910546
17.4,2.56E-10,0.255839572
17.42,2.57E-10,0.256679425
17.44,2.57E-10,0.257436716
17.46,2.58E-10,0.258119767
17.48,2.59E-10,0.25873871
17.5,2.59E-10,0.2593056
17.52,2.60E-10,0.259834537
17.54,2.60E-10,0.260341803
17.56,2.61E-10,0.260846029
17.58,2.61E-10,0.261368388
17.6,2.62E-10,0.261932839
17.62,2.63E-10,0.262566423
17.64,2.63E-10,0.263299627
17.66,2.64E-10,0.264166846
17.68,2.65E-10,0.265206949
17.7,2.66E-10,0.266463987
17.72,2.68E-10,0.267988081
17.74,2.70E-10,0.269836515
17.76,2.72E-10,0.272075109
17.78,2.75E-10,0.274779924
17.8,2.78E-10,0.278039377
17.82,2.82E-10,0.281956889
17.84,2.87E-10,0.286654162
17.86,2.92E-10,0.292275263
17.88,2.99E-10,0.298991677
17.9,3.07E-10,0.307008527
17.92,3.17E-10,0.316572178
17.94,3.28E-10,0.327979354
17.96,3.42E-10,0.341587798
17.98,3.58E-10,0.357828134
18,3.77E-10,0.377215847
18.02,4.00E-10,0.400360836
18.04,4.28E-10,0.427969166
18.06,4.61E-10,0.460826452
18.08,5.00E-10,0.499743262
18.1,5.45E-10,0.54542818
18.12,5.98E-10,0.598232999
18.14,6.58E-10,0.657691554
18.16,7.22E-10,0.72176854
18.18,7.86E-10,0.785795548
18.2,8.41E-10,0.841270609
18.22,8.75E-10,0.875046311
18.24,8.70E-10,0.869669662
18.26,8.05E-10,0.805130667
18.28,6.61E-10,0.660664996
18.3,4.14E-10,0.413811289
18.32,3.61E-11,0.036087011
18.34,-5.03E-10,-0.503151847
18.36,-1.18E-09,-1.181759499
18.38,-1.79E-09,-1.79046174
18.4,-1.97E-09,-1.97164971
18.42,-1.64E-09,-1.643412664
18.44,-1.12E-09,-1.117480487
18.46,-6.75E-10,-0.674893051
18.48,-3.77E-10,-0.376672545
18.5,-1.89E-10,-0.18865426
18.52,-7.09E-11,-0.070910572
18.54,3.74E-12,0.003738406
18.56,5.18E-11,0.05181512
18.58,8.32E-11,0.083189513
18.6,1.04E-10,0.103831207
18.62,1.17E-10,0.117429834
18.64,1.26E-10,0.126320014
18.66,1.32E-10,0.132012664
18.68,1.36E-10,0.135506009
18.7,1.37E-10,0.137471845
18.72,1.38E-10,0.13836973
18.74,1.39E-10,0.13851856
18.76,1.38E-10,0.138142383
18.78,1.37E-10,0.137400294
18.8,1.36E-10,0.13640628
18.82,1.35E-10,0.135242607
18.84,1.34E-10,0.133968984
18.86,1.33E-10,0.132628924
18.88,1.31E-10,0.131254202
18.9,1.30E-10,0.129868025
18.92,1.28E-10,0.128487303
18.94,1.27E-10,0.127124291
18.96,1.26E-10,0.125787787
18.98,1.24E-10,0.124484014
19,1.23E-10,0.123217271
19.02,1.22E-10,0.12199042
19.04,1.21E-10,0.120805245
19.06,1.20E-10,0.119662728
19.08,1.19E-10,0.118563258
19.1,1.18E-10,0.117506779
19.12,1.16E-10,0.116492918
19.14,1.16E-10,0.115521069
19.16,1.15E-10,0.114590463
19.18,1.14E-10,0.113700224
19.2,1.13E-10,0.112849403
19.22,1.12E-10,0.112037015
19.24,1.11E-10,0.111262056
19.26,1.11E-10,0.110523526
19.28,1.10E-10,0.109820437
19.3,1.09E-10,0.109151828
19.32,1.09E-10,0.108516766
19.34,1.08E-10,0.107914355
19.36,1.07E-10,0.107343742
19.38,1.07E-10,0.106804113
19.4,1.06E-10,0.1062947
19.42,1.06E-10,0.105814779
19.44,1.05E-10,0.105363672
19.46,1.05E-10,0.104940745
19.48,1.05E-10,0.10454541
19.5,1.04E-10,0.104177124
19.52,1.04E-10,0.103835389
19.54,1.04E-10,0.103519748
19.56,1.03E-10,0.103229789
19.58,1.03E-10,0.102965141
19.6,1.03E-10,0.102725475
19.62,1.03E-10,0.102510505
19.64,1.02E-10,0.102319984
19.66,1.02E-10,0.102153704
19.68,1.02E-10,0.1020115
19.7,1.02E-10,0.101893245
19.72,1.02E-10,0.10179885
19.74,1.02E-10,0.101728269
19.76,1.02E-10,0.101681494
19.78,1.02E-10,0.101658555
19.8,1.02E-10,0.101659526
19.82,1.02E-10,0.101684517
19.84,1.02E-10,0.101733682
19.86,1.02E-10,0.101807216
19.88,1.02E-10,0.101905356
19.9,1.02E-10,0.102028384
19.92,1.02E-10,0.102176625
19.94,1.02E-10,0.10235045
19.96,1.03E-10,0.102550276
19.98,1.03E-10,0.102776572
20,1.03E-10,0.102896398
