Frequency,HFSS,,,Frequency,Measurement
,mag,,,,Mag
1,-1.632349826,,,1.00E+09,-1.67799
1.02,-1.67624454,,,1.02E+09,-1.80259
1.04,-1.719786033,,,1.04E+09,-1.85818
1.06,-1.762939986,,,1.06E+09,-1.88681
1.08,-1.805673084,,,1.08E+09,-1.95168
1.1,-1.847952978,,,1.10E+09,-2.03655
1.12,-1.889748241,,,1.12E+09,-2.06429
1.14,-1.931028331,,,1.14E+09,-2.08727
1.16,-1.971763541,,,1.16E+09,-2.17548
1.18,-2.011924954,,,1.18E+09,-2.23939
1.2,-2.051484396,,,1.20E+09,-2.26143
1.22,-2.090414381,,,1.22E+09,-2.34727
1.24,-2.128688062,,,1.24E+09,-2.42711
1.26,-2.166279176,,,1.26E+09,-2.41336
1.28,-2.203161988,,,1.28E+09,-2.45732
1.3,-2.239311234,,,1.30E+09,-2.5908
1.32,-2.274702059,,,1.32E+09,-2.62673
1.34,-2.309309959,,,1.34E+09,-2.61292
1.36,-2.343110714,,,1.36E+09,-2.71296
1.38,-2.376080324,,,1.38E+09,-2.82336
1.4,-2.408194939,,,1.40E+09,-2.77202
1.42,-2.43943079,,,1.42E+09,-2.77962
1.44,-2.469764113,,,1.44E+09,-2.94953
1.46,-2.499171072,,,1.46E+09,-2.96879
1.48,-2.527627677,,,1.48E+09,-2.92098
1.5,-2.555109701,,,1.50E+09,-3.05569
1.52,-2.581592592,,,1.52E+09,-3.17007
1.54,-2.607051375,,,1.54E+09,-3.11024
1.56,-2.631460555,,,1.56E+09,-3.11894
1.58,-2.654794013,,,1.58E+09,-3.27383
1.6,-2.677024896,,,1.60E+09,-3.29347
1.62,-2.698125497,,,1.62E+09,-3.21737
1.64,-2.718067134,,,1.64E+09,-3.31561
1.66,-2.736820015,,,1.66E+09,-3.44373
1.68,-2.7543531,,,1.68E+09,-3.36349
1.7,-2.770633956,,,1.70E+09,-3.34627
1.72,-2.785628596,,,1.72E+09,-3.51239
1.74,-2.799301317,,,1.74E+09,-3.51507
1.76,-2.81161453,,,1.76E+09,-3.43717
1.78,-2.822528578,,,1.78E+09,-3.53309
1.8,-2.832001555,,,1.80E+09,-3.61263
1.82,-2.839989119,,,1.82E+09,-3.54549
1.84,-2.846444305,,,1.84E+09,-3.55782
1.86,-2.851317352,,,1.86E+09,-3.69488
1.88,-2.854555537,,,1.88E+09,-3.70127
1.9,-2.856103049,,,1.90E+09,-3.61953
1.92,-2.855900899,,,1.92E+09,-3.68669
1.94,-2.853886912,,,1.94E+09,-3.74499
1.96,-2.849995824,,,1.96E+09,-3.63928
1.98,-2.844159542,,,1.98E+09,-3.6632
2,-2.836307645,,,2.00E+09,-3.78339
2.02,-2.826368217,,,2.02E+09,-3.68357
2.04,-2.814269188,,,2.04E+09,-3.63737
2.06,-2.799940373,,,2.06E+09,-3.77026
2.08,-2.783316556,,,2.08E+09,-3.71772
2.1,-2.764342041,,,2.10E+09,-3.60596
2.12,-2.742977381,,,2.12E+09,-3.69346
2.14,-2.719209243,,,2.14E+09,-3.71933
2.16,-2.693064917,,,2.16E+09,-3.56949
2.18,-2.664633668,,,2.18E+09,-3.55477
2.2,-2.634098333,,,2.20E+09,-3.67439
2.22,-2.601782323,,,2.22E+09,-3.54703
2.24,-2.568220076,,,2.24E+09,-3.35396
2.26,-2.534263537,,,2.26E+09,-3.45296
2.28,-2.501244544,,,2.28E+09,-3.48811
2.3,-2.47122482,,,2.30E+09,-3.25282
2.32,-2.447384259,,,2.32E+09,-3.23569
2.34,-2.434628577,,,2.34E+09,-3.38554
2.36,-2.440544527,,,2.36E+09,-3.21125
2.38,-2.476899498,,,2.38E+09,-3.02741
2.4,-2.561968815,,,2.40E+09,-3.15734
2.42,-2.724043431,,,2.42E+09,-3.24841
2.44,-3.006407619,,,2.44E+09,-3.20849
2.46,-3.473633287,,,2.46E+09,-3.41849
2.48,-4.21798741,,,2.48E+09,-3.96699
2.5,-5.363889853,,,2.50E+09,-4.64452
2.52,-7.071923848,,,2.52E+09,-5.64248
2.54,-9.561398256,,,2.54E+09,-7.45224
2.56,-13.22073685,,,2.56E+09,-10.15561
2.58,-19.05819991,,,2.58E+09,-13.70902
2.6,-27.82228081,,,2.60E+09,-18.92111
2.62,-20.92669171,,,2.62E+09,-22.31409
2.64,-16.0857068,,,2.64E+09,-22.14558
2.66,-13.36370919,,,2.66E+09,-18.58156
2.68,-11.59893969,,,2.68E+09,-15.5945
2.7,-10.35683437,,,2.70E+09,-13.72256
2.72,-9.434695999,,,2.72E+09,-12.1548
2.74,-8.723309314,,,2.74E+09,-10.94926
2.76,-8.158023584,,,2.76E+09,-10.18565
2.78,-7.697965454,,,2.78E+09,-9.42388
2.8,-7.315998816,,,2.80E+09,-8.58232
2.82,-6.993407713,,,2.82E+09,-8.11576
2.84,-6.716879576,,,2.84E+09,-7.77932
2.86,-6.476699533,,,2.86E+09,-7.18087
2.88,-6.26562228,,,2.88E+09,-6.90144
2.9,-6.078141932,,,2.90E+09,-6.92627
2.92,-5.91000522,,,2.92E+09,-6.70713
2.94,-5.757878561,,,2.94E+09,-6.59905
2.96,-5.619115253,,,2.96E+09,-6.67789
2.98,-5.491589489,,,2.98E+09,-6.51686
3,-5.373575928,,,3.00E+09,-6.29604
3.02,-5.263660956,,,3.02E+09,-6.29876
3.04,-5.160676363,,,3.04E+09,-6.29999
3.06,-5.06364914,,,3.06E+09,-6.0906
3.08,-4.971763033,,,3.08E+09,-5.95639
3.1,-4.884328775,,,3.10E+09,-6.05127
3.12,-4.800760817,,,3.12E+09,-5.92101
3.14,-4.720558967,,,3.14E+09,-5.64775
3.16,-4.64329378,,,3.16E+09,-5.75235
3.18,-4.568594838,,,3.18E+09,-5.75609
3.2,-4.496141283,,,3.20E+09,-5.4181
3.22,-4.425654119,,,3.22E+09,-5.40877
3.24,-4.356889904,,,3.24E+09,-5.51137
3.26,-4.289635553,,,3.26E+09,-5.28624
3.28,-4.223704045,,,3.28E+09,-5.15522
3.3,-4.158930832,,,3.30E+09,-5.28953
3.32,-4.095170848,,,3.32E+09,-5.25687
3.34,-4.032295985,,,3.34E+09,-4.98604
3.36,-3.970192966,,,3.36E+09,-4.96703
3.38,-3.908761542,,,3.38E+09,-5.08975
3.4,-3.847912954,,,3.40E+09,-4.8718
3.42,-3.787568622,,,3.42E+09,-4.64109
3.44,-3.72765902,,,3.44E+09,-4.80785
3.46,-3.66812271,,,3.46E+09,-4.76265
3.48,-3.608905504,,,3.48E+09,-4.39279
3.5,-3.549959745,,,3.50E+09,-4.4711
3.52,-3.491243683,,,3.52E+09,-4.59577
3.54,-3.432720925,,,3.54E+09,-4.33108
3.56,-3.374359968,,,3.56E+09,-4.22091
3.58,-3.316133777,,,3.58E+09,-4.33339
3.6,-3.258019428,,,3.60E+09,-4.2391
3.62,-3.199997789,,,3.62E+09,-4.01332
3.64,-3.142053238,,,3.64E+09,-4.07087
3.66,-3.08417342,,,3.66E+09,-4.15224
3.68,-3.026349027,,,3.68E+09,-3.92577
3.7,-2.96857361,,,3.70E+09,-3.77695
3.72,-2.910843403,,,3.72E+09,-3.89566
3.74,-2.853157179,,,3.74E+09,-3.81905
3.76,-2.795516109,,,3.76E+09,-3.58441
3.78,-2.737923647,,,3.78E+09,-3.66746
3.8,-2.680385417,,,3.80E+09,-3.71033
3.82,-2.62290912,,,3.82E+09,-3.48819
3.84,-2.565504445,,,3.84E+09,-3.4335
3.86,-2.508182986,,,3.86E+09,-3.49552
3.88,-2.450958173,,,3.88E+09,-3.41434
3.9,-2.393845201,,,3.90E+09,-3.27791
3.92,-2.336860965,,,3.92E+09,-3.27026
3.94,-2.280024002,,,3.94E+09,-3.27322
3.96,-2.223354434,,,3.96E+09,-3.0962
3.98,-2.166873912,,,3.98E+09,-2.96353
4,-2.110605559,,,4.00E+09,-3.00973
4.02,-2.054573921,,,4.02E+09,-2.91108
4.04,-1.998804909,,,4.04E+09,-2.72012
4.06,-1.943325746,,,4.06E+09,-2.76287
4.08,-1.888164912,,,4.08E+09,-2.75021
4.1,-1.833352087,,,4.10E+09,-2.56469
4.12,-1.77891809,,,4.12E+09,-2.53803
4.14,-1.724894817,,,4.14E+09,-2.54834
4.16,-1.671315177,,,4.16E+09,-2.41079
4.18,-1.618213023,,,4.18E+09,-2.27928
4.2,-1.565623082,,,4.20E+09,-2.26713
4.22,-1.513580874,,,4.22E+09,-2.22751
4.24,-1.462122638,,,4.24E+09,-2.07636
4.26,-1.411285244,,,4.26E+09,-2.03253
4.28,-1.361106106,,,4.28E+09,-2.04724
4.3,-1.311623089,,,4.30E+09,-1.91126
4.32,-1.262874409,,,4.32E+09,-1.81206
4.34,-1.214898532,,,4.34E+09,-1.83411
4.36,-1.167734071,,,4.36E+09,-1.74665
4.38,-1.121419669,,,4.38E+09,-1.62581
4.4,-1.075993888,,,4.40E+09,-1.63927
4.42,-1.031495091,,,4.42E+09,-1.59392
4.44,-0.987961319,,,4.44E+09,-1.44592
4.46,-0.945430165,,,4.46E+09,-1.38711
4.48,-0.903938649,,,4.48E+09,-1.35368
4.5,-0.863523087,,,4.50E+09,-1.24895
4.52,-0.824218965,,,4.52E+09,-1.15295
4.54,-0.7860608,,,4.54E+09,-1.12786
4.56,-0.749082018,,,4.56E+09,-1.08664
4.58,-0.713314819,,,4.58E+09,-0.99192
4.6,-0.678790049,,,4.60E+09,-0.96092
4.62,-0.645537077,,,4.62E+09,-0.95715
4.64,-0.613583668,,,4.64E+09,-0.86853
4.66,-0.582955871,,,4.66E+09,-0.79579
4.68,-0.553677902,,,4.68E+09,-0.7862
4.7,-0.525772037,,,4.70E+09,-0.73979
4.72,-0.499258517,,,4.72E+09,-0.66985
4.74,-0.474155447,,,4.74E+09,-0.64637
4.76,-0.45047872,,,4.76E+09,-0.63005
4.78,-0.428241939,,,4.78E+09,-0.58104
4.8,-0.407456351,,,4.80E+09,-0.53955
4.82,-0.388130795,,,4.82E+09,-0.53017
4.84,-0.370271656,,,4.84E+09,-0.51355
4.86,-0.353882833,,,4.86E+09,-0.47574
4.88,-0.338965718,,,4.88E+09,-0.4654
4.9,-0.325519187,,,4.90E+09,-0.46975
4.92,-0.313539604,,,4.92E+09,-0.44805
4.94,-0.303020832,,,4.94E+09,-0.43211
4.96,-0.293954259,,,4.96E+09,-0.44222
4.98,-0.286328839,,,4.98E+09,-0.44155
5,-0.280131138,,,5.00E+09,-0.40988
5,-0.275685077,,,5.00E+09,-2.80043
5.02,-0.27181271,,,5.03E+09,-2.72504
5.04,-0.269321632,,,5.05E+09,-2.59817
5.06,-0.268187094,,,5.08E+09,-2.46441
5.08,-0.268382035,,,5.10E+09,-2.31313
5.1,-0.269877191,,,5.13E+09,-2.18959
5.12,-0.272641216,,,5.15E+09,-2.05866
5.14,-0.276640801,,,5.18E+09,-1.9557
5.16,-0.281840805,,,5.20E+09,-1.86656
5.18,-0.288204387,,,5.23E+09,-1.79525
5.2,-0.295693139,,,5.25E+09,-1.7407
5.22,-0.304267227,,,5.28E+09,-1.69854
5.24,-0.31388553,,,5.30E+09,-1.69536
5.26,-0.324505777,,,5.33E+09,-1.67952
5.28,-0.336084686,,,5.35E+09,-1.71694
5.3,-0.348578103,,,5.38E+09,-1.72806
5.32,-0.361941135,,,5.40E+09,-1.76052
5.34,-0.376128282,,,5.43E+09,-1.8153
5.36,-0.391093567,,,5.45E+09,-1.8438
5.38,-0.406790659,,,5.48E+09,-1.90743
5.4,-0.423172988,,,5.50E+09,-1.96975
5.42,-0.440193868,,,5.53E+09,-2.0026
5.44,-0.457806597,,,5.55E+09,-2.08142
5.46,-0.475964565,,,5.58E+09,-2.14997
5.48,-0.494621348,,,5.60E+09,-2.19459
5.5,-0.513730802,,,5.63E+09,-2.31954
5.52,-0.533247143,,,5.65E+09,-2.31845
5.54,-0.553125027,,,5.68E+09,-2.43502
5.56,-0.573319624,,,5.70E+09,-2.48933
5.58,-0.593786681,,,5.73E+09,-2.53817
5.6,-0.61448258,,,5.75E+09,-2.63426
5.62,-0.635364394,,,5.78E+09,-2.67151
5.64,-0.656389935,,,5.80E+09,-2.73797
5.66,-0.677517794,,,5.83E+09,-2.81065
5.68,-0.698707377,,,5.85E+09,-2.86675
5.7,-0.71991894,,,5.88E+09,-2.88771
5.72,-0.741113609,,,5.90E+09,-3.01522
5.74,-0.762253409,,,5.93E+09,-2.95656
5.76,-0.783301276,,,5.95E+09,-3.08606
5.78,-0.804221072,,,5.98E+09,-3.09522
5.8,-0.824977597,,,6.00E+09,-3.10792
5.82,-0.845536588,,,6.03E+09,-3.21435
5.84,-0.865864729,,,6.05E+09,-3.17707
5.86,-0.885929646,,,6.08E+09,-3.24235
5.88,-0.905699905,,,6.10E+09,-3.27462
5.9,-0.925145008,,,6.13E+09,-3.31435
5.92,-0.944235383,,,6.15E+09,-3.28847
5.94,-0.962942373,,,6.18E+09,-3.41905
5.96,-0.981238228,,,6.20E+09,-3.29416
5.98,-0.999096089,,,6.23E+09,-3.4136
6,-1.016489977,,,6.25E+09,-3.42092
6.02,-1.033394771,,,6.28E+09,-3.3696
6.04,-1.049786199,,,6.30E+09,-3.49074
6.06,-1.065640816,,,6.33E+09,-3.38175
6.08,-1.080935991,,,6.35E+09,-3.47233
6.1,-1.095649883,,,6.38E+09,-3.43237
6.12,-1.109761427,,,6.40E+09,-3.47757
6.14,-1.123250318,,,6.43E+09,-3.37922
6.16,-1.136096989,,,6.45E+09,-3.4511
6.18,-1.148282596,,,6.48E+09,-3.32428
6.2,-1.159789,,,6.50E+09,-3.32163
6.22,-1.170598753,,,6.53E+09,-3.37293
6.24,-1.180695083,,,6.55E+09,-3.18792
6.26,-1.190061877,,,6.58E+09,-3.29617
6.28,-1.198683672,,,6.60E+09,-3.1412
6.3,-1.206545643,,,6.63E+09,-3.14476
6.32,-1.213633595,,,6.65E+09,-3.05217
6.34,-1.219933952,,,6.68E+09,-3.01628
6.36,-1.225433757,,,6.70E+09,-2.85675
6.38,-1.230120671,,,6.73E+09,-2.90945
6.4,-1.233982968,,,6.75E+09,-2.74358
6.42,-1.237009546,,,6.78E+09,-2.69124
6.44,-1.239189933,,,6.80E+09,-2.75963
6.46,-1.240514304,,,6.83E+09,-2.44669
6.48,-1.240973494,,,6.85E+09,-2.59541
6.5,-1.240559026,,,6.88E+09,-2.29365
6.52,-1.239263146,,,6.90E+09,-2.30404
6.54,-1.237078857,,,6.93E+09,-2.19891
6.56,-1.233999969,,,6.95E+09,-2.05481
6.58,-1.230021161,,,6.98E+09,-1.97904
6.6,-1.225138048,,,7.00E+09,-1.87147
6.62,-1.21934727,,,7.03E+09,-1.78864
6.64,-1.212646588,,,7.05E+09,-1.64048
6.66,-1.205035008,,,7.08E+09,-1.6339
6.68,-1.196512919,,,7.10E+09,-1.38258
6.7,-1.187082263,,,7.13E+09,-1.44442
6.72,-1.176746726,,,7.15E+09,-1.2643
6.74,-1.16551197,,,7.18E+09,-1.25017
6.76,-1.153385907,,,7.20E+09,-1.22797
6.78,-1.140379009,,,7.23E+09,-1.13701
6.8,-1.126504688,,,7.25E+09,-1.21198
6.82,-1.11177973,,,7.28E+09,-1.17515
6.84,-1.096224813,,,7.30E+09,-1.34156
6.86,-1.079865112,,,7.33E+09,-1.4011
6.88,-1.062731016,,,7.35E+09,-1.62552
6.9,-1.04485897,,,7.38E+09,-1.88015
6.92,-1.026292473,,,7.40E+09,-2.07334
6.94,-1.007083255,,,7.43E+09,-2.65287
6.96,-0.987292674,,,7.45E+09,-2.82101
6.98,-0.966993374,,,7.48E+09,-3.59603
7,-0.946271251,,,7.50E+09,-3.99176
7.02,-0.925227801,,,7.53E+09,-4.76342
7.04,-0.90398291,,,7.55E+09,-5.41263
7.06,-0.882678196,,,7.58E+09,-6.12706
7.08,-0.861480998,,,7.60E+09,-6.99227
7.1,-0.840589166,,,7.63E+09,-7.82542
7.12,-0.820236799,,,7.65E+09,-9.09439
7.14,-0.800701145,,,7.68E+09,-10.019
7.16,-0.782310903,,,7.70E+09,-11.69561
7.18,-0.765456213,,,7.73E+09,-12.76625
7.2,-0.750600702,,,7.75E+09,-14.71309
7.22,-0.738295986,,,7.78E+09,-16.47884
7.24,-0.729199149,,,7.80E+09,-18.94116
7.26,-0.724093776,,,7.83E+09,-21.49534
7.28,-0.723915201,,,7.85E+09,-23.51522
7.3,-0.729780766,,,7.88E+09,-23.85407
7.32,-0.743025887,,,7.90E+09,-22.39793
7.34,-0.765246823,,,7.93E+09,-20.44494
7.36,-0.798350983,,,7.95E+09,-17.80831
7.38,-0.844615462,,,7.98E+09,-16.51989
7.4,-0.906754242,,,8.00E+09,-14.41833
7.42,-0.987993927,,,8.03E+09,-13.47541
7.44,-1.09215713,,,8.05E+09,-12.25486
7.46,-1.223751539,,,8.08E+09,-11.15742
7.48,-1.388061404,,,8.10E+09,-10.51786
7.5,-1.591237043,,,8.13E+09,-9.43353
7.52,-1.840377427,,,8.15E+09,-8.84945
7.54,-2.143602286,,,8.18E+09,-8.01139
7.56,-2.510114904,,,8.20E+09,-7.56381
7.58,-2.950267194,,,8.23E+09,-6.71084
7.6,-3.475657194,,,8.25E+09,-6.54275
7.62,-4.099318366,,,8.28E+09,-5.64742
7.64,-4.83610286,,,8.30E+09,-5.39903
7.66,-5.703422553,,,8.33E+09,-4.84123
7.68,-6.722605002,,,8.35E+09,-4.24384
7.7,-7.921278223,,,8.38E+09,-4.10942
7.72,-9.337482868,,,8.40E+09,-3.43615
7.74,-11.02671094,,,8.43E+09,-3.31248
7.76,-13.07360496,,,8.45E+09,-2.83352
7.78,-15.60738881,,,8.48E+09,-2.61673
7.8,-18.78212875,,,8.50E+09,-2.19548
7.82,-22.32660118,,,8.53E+09,-2.08723
7.84,-23.4463476,,,8.55E+09,-1.69343
7.86,-20.78129514,,,8.58E+09,-1.60139
7.88,-17.83677797,,,8.60E+09,-1.4002
7.9,-15.529261,,,8.63E+09,-1.14087
7.92,-13.74477278,,,8.65E+09,-1.19032
7.94,-12.32962101,,,8.68E+09,-0.93083
7.96,-11.178297,,,8.70E+09,-0.97522
7.98,-10.22140974,,,8.73E+09,-0.85969
8,-9.412171948,,,8.75E+09,-0.82286
8.02,-8.717941068,,,8.78E+09,-0.83534
8.04,-8.115201827,,,8.80E+09,-0.78533
8.06,-7.586537238,,,8.83E+09,-0.83964
8.08,-7.118739354,,,8.85E+09,-0.79781
8.1,-6.701589963,,,8.88E+09,-0.883
8.12,-6.327048161,,,8.90E+09,-0.86609
8.14,-5.988693305,,,8.93E+09,-0.92088
8.16,-5.681333273,,,8.95E+09,-0.97205
8.18,-5.400722739,,,8.98E+09,-0.96606
8.2,-5.143356555,,,9.00E+09,-1.09199
8.22,-4.906315547,,,9.03E+09,-1.03623
8.24,-4.687149647,,,9.05E+09,-1.18307
8.26,-4.483788104,,,9.08E+09,-1.12587
8.28,-4.294469633,,,9.10E+09,-1.27636
8.3,-4.117687486,,,9.13E+09,-1.26559
8.32,-3.952145819,,,9.15E+09,-1.30947
8.34,-3.796724711,,,9.18E+09,-1.40176
8.36,-3.650451894,,,9.20E+09,-1.31164
8.38,-3.512479729,,,9.23E+09,-1.49953
8.4,-3.382066327,,,9.25E+09,-1.38382
8.42,-3.258559958,,,9.28E+09,-1.50634
8.44,-3.141386108,,,9.30E+09,-1.47306
8.46,-3.030036673,,,9.33E+09,-1.5256
8.48,-2.924060886,,,9.35E+09,-1.52965
8.5,-2.823057657,,,9.38E+09,-1.5746
8.52,-2.726669094,,,9.40E+09,-1.56058
8.54,-2.634574975,,,9.43E+09,-1.53561
8.56,-2.546488033,,,9.45E+09,-1.60703
8.58,-2.462149905,,,9.48E+09,-1.48224
8.6,-2.381327646,,,9.50E+09,-1.63091
8.62,-2.30381072,,,9.53E+09,-1.49107
8.64,-2.229408382,,,9.55E+09,-1.56447
8.66,-2.157947411,,,9.58E+09,-1.50401
8.68,-2.08927013,,,9.60E+09,-1.47671
8.7,-2.023232673,,,9.63E+09,-1.47679
8.72,-1.959703463,,,9.65E+09,-1.42556
8.74,-1.898561882,,,9.68E+09,-1.44273
8.76,-1.839697093,,,9.70E+09,-1.35872
8.78,-1.783007001,,,9.73E+09,-1.40498
8.8,-1.728397338,,,9.75E+09,-1.291
8.82,-1.675780846,,,9.78E+09,-1.35451
8.84,-1.625076556,,,9.80E+09,-1.26513
8.86,-1.576209148,,,9.83E+09,-1.24732
8.88,-1.529108378,,,9.85E+09,-1.23634
8.9,-1.48370857,,,9.88E+09,-1.15128
8.92,-1.439948162,,,9.90E+09,-1.17524
8.94,-1.397769302,,,9.93E+09,-1.10503
8.96,-1.357117482,,,9.95E+09,-1.10072
8.98,-1.317941221,,,9.98E+09,-1.07263
9,-1.280191771,,,1.00E+10,-0.98504
9.02,-1.243822862,,,1.00E+10,-1.22394
9.04,-1.20879047,,,1.00E+10,-1.28096
9.06,-1.175052609,,,1.01E+10,-1.32622
9.08,-1.14256915,,,1.01E+10,-1.34401
9.1,-1.111301653,,,1.01E+10,-1.38488
9.12,-1.081213225,,,1.01E+10,-1.42304
9.14,-1.052268385,,,1.02E+10,-1.45038
9.16,-1.024432951,,,1.02E+10,-1.50055
9.18,-0.997673935,,,1.02E+10,-1.53359
9.2,-0.971959451,,,1.02E+10,-1.58134
9.22,-0.947258636,,,1.03E+10,-1.62473
9.24,-0.923541578,,,1.03E+10,-1.67728
9.26,-0.900779252,,,1.03E+10,-1.7233
9.28,-0.878943467,,,1.03E+10,-1.78005
9.3,-0.858006814,,,1.04E+10,-1.82876
9.32,-0.837942627,,,1.04E+10,-1.8872
9.34,-0.818724945,,,1.04E+10,-1.94185
9.36,-0.800328482,,,1.04E+10,-1.99844
9.38,-0.782728594,,,1.05E+10,-2.05846
9.4,-0.765901266,,,1.05E+10,-2.12095
9.42,-0.74982308,,,1.05E+10,-2.18768
9.44,-0.734471207,,,1.05E+10,-2.25817
9.46,-0.719823389,,,1.06E+10,-2.32608
9.48,-0.705857927,,,1.06E+10,-2.39535
9.5,-0.692553672,,,1.06E+10,-2.46801
9.52,-0.679890018,,,1.06E+10,-2.53877
9.54,-0.667846891,,,1.07E+10,-2.61592
9.56,-0.656404748,,,1.07E+10,-2.69417
9.58,-0.645544571,,,1.07E+10,-2.77023
9.6,-0.635247861,,,1.07E+10,-2.85159
9.62,-0.62549664,,,1.08E+10,-2.92948
9.64,-0.616273443,,,1.08E+10,-3.00945
9.66,-0.607561319,,,1.08E+10,-3.08651
9.68,-0.59934383,,,1.08E+10,-3.16722
9.7,-0.591605045,,,1.09E+10,-3.23989
9.72,-0.584329542,,,1.09E+10,-3.31209
9.74,-0.577502404,,,1.09E+10,-3.40099
9.76,-0.571109218,,,1.09E+10,-3.44945
9.78,-0.565136071,,,1.10E+10,-3.55677
9.8,-0.559569551,,,1.10E+10,-3.6001
9.82,-0.554396739,,,1.10E+10,-3.68415
9.84,-0.549605208,,,1.10E+10,-3.75467
9.86,-0.545183021,,,1.11E+10,-3.80899
9.88,-0.541118723,,,1.11E+10,-3.89117
9.9,-0.537401341,,,1.11E+10,-3.95086
9.92,-0.534020373,,,1.11E+10,-4.01304
9.94,-0.530965786,,,1.12E+10,-4.07479
9.96,-0.52822801,,,1.12E+10,-4.18743
9.98,-0.52579793,,,1.12E+10,-4.16878
10,-0.523666877,,,1.12E+10,-4.3366
10,-0.517606968,,,1.13E+10,-4.2801
10.02,-0.515723498,,,1.13E+10,-4.3995
10.04,-0.514138465,,,1.13E+10,-4.49596
10.06,-0.512844578,,,1.13E+10,-4.46785
10.08,-0.511835135,,,1.14E+10,-4.66529
10.1,-0.511104008,,,1.14E+10,-4.57888
10.12,-0.510645616,,,1.14E+10,-4.74894
10.14,-0.510454904,,,1.14E+10,-4.73282
10.16,-0.51052732,,,1.15E+10,-4.83501
10.18,-0.510858787,,,1.15E+10,-4.83287
10.2,-0.511445682,,,1.15E+10,-4.92726
10.22,-0.512284811,,,1.15E+10,-4.93491
10.24,-0.51337338,,,1.16E+10,-5.01358
10.26,-0.514708973,,,1.16E+10,-5.09016
10.28,-0.516289524,,,1.16E+10,-5.09449
10.3,-0.518113291,,,1.16E+10,-5.22379
10.32,-0.520178832,,,1.17E+10,-5.13336
10.34,-0.522484976,,,1.17E+10,-5.3736
10.36,-0.525030798,,,1.17E+10,-5.18758
10.38,-0.527815594,,,1.17E+10,-5.47551
10.4,-0.530838853,,,1.18E+10,-5.31198
10.42,-0.534100235,,,1.18E+10,-5.46423
10.44,-0.537599541,,,1.18E+10,-5.64926
10.46,-0.541336692,,,1.18E+10,-5.4642
10.48,-0.545311703,,,1.19E+10,-5.80919
10.5,-0.549524658,,,1.19E+10,-5.48297
10.52,-0.553975687,,,1.19E+10,-5.72394
10.54,-0.558664944,,,1.19E+10,-5.62787
10.56,-0.563592583,,,1.20E+10,-5.72522
10.58,-0.568758736,,,1.20E+10,-5.69996
10.6,-0.574163494,,,1.20E+10,-5.81365
10.62,-0.579806883,,,1.20E+10,-5.71842
10.64,-0.585688849,,,1.21E+10,-5.82437
10.66,-0.591809234,,,1.21E+10,-5.9425
10.68,-0.598167761,,,1.21E+10,-5.75182
10.7,-0.604764019,,,1.21E+10,-6.14566
10.72,-0.61159744,,,1.22E+10,-5.70661
10.74,-0.618667293,,,1.22E+10,-6.12716
10.76,-0.62597266,,,1.22E+10,-5.88726
10.78,-0.633512432,,,1.22E+10,-6.06363
10.8,-0.641285291,,,1.23E+10,-6.04152
10.82,-0.6492897,,,1.23E+10,-5.98546
10.84,-0.657523895,,,1.23E+10,-6.03008
10.86,-0.665985875,,,1.23E+10,-5.89539
10.88,-0.674673395,,,1.24E+10,-6.11151
10.9,-0.683583958,,,1.24E+10,-5.76224
10.92,-0.692714811,,,1.24E+10,-6.18188
10.94,-0.702062943,,,1.24E+10,-5.64561
10.96,-0.711625076,,,1.25E+10,-6.01245
10.98,-0.721397671,,,1.25E+10,-5.80453
11,-0.73137692,,,1.25E+10,-5.73706
11.02,-0.741558754,,,1.25E+10,-5.95818
11.04,-0.751938839,,,1.26E+10,-5.5167
11.06,-0.762512582,,,1.26E+10,-5.83574
11.08,-0.773275133,,,1.26E+10,-5.479
11.1,-0.784221394,,,1.26E+10,-5.66811
11.12,-0.795346021,,,1.27E+10,-5.39288
11.14,-0.806643437,,,1.27E+10,-5.66289
11.16,-0.818107836,,,1.27E+10,-5.2702
11.18,-0.829733193,,,1.27E+10,-5.61315
11.2,-0.841513281,,,1.28E+10,-5.34095
11.22,-0.853441674,,,1.28E+10,-5.53068
11.24,-0.865511769,,,1.28E+10,-5.70428
11.26,-0.877716794,,,1.28E+10,-5.52227
11.28,-0.890049825,,,1.29E+10,-6.13873
11.3,-0.902503803,,,1.29E+10,-5.81815
11.32,-0.915071552,,,1.29E+10,-6.76627
11.34,-0.927745795,,,1.29E+10,-6.82187
11.36,-0.940519175,,,1.30E+10,-8.09795
11.38,-0.953384274,,,1.30E+10,-8.99983
11.4,-0.966333636,,,1.30E+10,-10.27874
11.42,-0.979359788,,,1.30E+10,-11.53987
11.44,-0.992455266,,,1.31E+10,-11.35675
11.46,-1.005612636,,,1.31E+10,-10.97579
11.48,-1.018824521,,,1.31E+10,-9.36212
11.5,-1.032083629,,,1.31E+10,-8.36106
11.52,-1.045382782,,,1.32E+10,-7.23141
11.54,-1.058714941,,,1.32E+10,-6.76593
11.56,-1.072073242,,,1.32E+10,-5.94905
11.58,-1.085451026,,,1.32E+10,-6.07051
11.6,-1.098841872,,,1.33E+10,-5.29866
11.62,-1.112239634,,,1.33E+10,-5.67552
11.64,-1.125638479,,,1.33E+10,-5.24503
11.66,-1.139032926,,,1.33E+10,-5.38596
11.68,-1.15241789,,,1.34E+10,-5.53443
11.7,-1.165788721,,,1.34E+10,-5.3284
11.72,-1.179141258,,,1.34E+10,-5.82943
11.74,-1.192471878,,,1.34E+10,-5.49695
11.76,-1.205777548,,,1.35E+10,-6.03522
11.78,-1.219055885,,,1.35E+10,-5.83901
11.8,-1.232305217,,,1.35E+10,-6.29892
11.82,-1.245524655,,,1.35E+10,-6.19676
11.84,-1.258714163,,,1.36E+10,-6.62806
11.86,-1.271874636,,,1.36E+10,-6.55693
11.88,-1.285007994,,,1.36E+10,-6.98048
11.9,-1.298117272,,,1.36E+10,-7.11895
11.92,-1.311206726,,,1.37E+10,-7.20083
11.94,-1.324281952,,,1.37E+10,-7.6703
11.96,-1.337350011,,,1.37E+10,-7.45026
11.98,-1.350419573,,,1.37E+10,-8.09213
12,-1.363501072,,,1.38E+10,-7.84829
12.02,-1.37660689,,,1.38E+10,-8.33824
12.04,-1.389751547,,,1.38E+10,-8.27035
12.06,-1.402951931,,,1.38E+10,-8.64989
12.08,-1.416227542,,,1.39E+10,-8.62622
12.1,-1.429600781,,,1.39E+10,-8.9672
12.12,-1.443097269,,,1.39E+10,-9.04275
12.14,-1.456746214,,,1.39E+10,-9.17281
12.16,-1.470580827,,,1.40E+10,-9.53969
12.18,-1.484638798,,,1.40E+10,-9.30463
12.2,-1.498962846,,,1.40E+10,-9.93173
12.22,-1.513601347,,,1.40E+10,-9.54635
12.24,-1.528609057,,,1.41E+10,-10.08776
12.26,-1.544047959,,,1.41E+10,-9.95392
12.28,-1.559988235,,,1.41E+10,-10.15723
12.3,-1.576509403,,,1.41E+10,-10.38292
12.32,-1.593701647,,,1.42E+10,-10.29084
12.34,-1.611667371,,,1.42E+10,-10.67241
12.36,-1.630523029,,,1.42E+10,-10.51056
12.38,-1.650401289,,,1.42E+10,-10.84447
12.4,-1.671453583,,,1.43E+10,-10.70834
12.42,-1.693853147,,,1.43E+10,-11.02378
12.44,-1.717798644,,,1.43E+10,-10.87331
12.46,-1.743518492,,,1.43E+10,-11.19326
12.48,-1.77127607,,,1.44E+10,-11.05782
12.5,-1.801375995,,,1.44E+10,-11.25925
12.52,-1.834171712,,,1.44E+10,-11.32268
12.54,-1.870074727,,,1.44E+10,-11.17469
12.56,-1.909565864,,,1.45E+10,-11.58942
12.58,-1.953209057,,,1.45E+10,-11.26353
12.6,-2.001668317,,,1.45E+10,-11.78122
12.62,-2.055728683,,,1.45E+10,-11.57625
12.64,-2.116322199,,,1.46E+10,-11.7378
12.66,-2.184560256,,,1.46E+10,-11.79714
12.68,-2.261774,,,1.46E+10,-11.70984
12.7,-2.349565012,,,1.46E+10,-11.93365
12.72,-2.449869065,,,1.47E+10,-11.84585
12.74,-2.565036583,,,1.47E+10,-12.01851
12.76,-2.697934396,,,1.47E+10,-11.92642
12.78,-2.852074657,,,1.47E+10,-12.1481
12.8,-3.031778318,,,1.48E+10,-11.98959
12.82,-3.242382351,,,1.48E+10,-12.30963
12.84,-3.490502067,,,1.48E+10,-12.18481
12.86,-3.784362151,,,1.48E+10,-12.25364
12.88,-4.134212338,,,1.49E+10,-12.38063
12.9,-4.552845262,,,1.49E+10,-12.25189
12.92,-5.056233112,,,1.49E+10,-12.60469
12.94,-5.664290259,,,1.49E+10,-12.38583
12.96,-6.401730025,,,1.50E+10,-12.60878
12.98,-7.298842145,,,1.50E+10,-12.52587
13,-8.391512964,,,1.50E+10,-12.50713
13.02,-9.71800839,,,1.50E+10,-12.27402
13.04,-11.30361668,,,1.50E+10,-12.36368
13.06,-13.10304234,,,1.51E+10,-12.43314
13.08,-14.82774585,,,1.51E+10,-12.42904
13.1,-15.72348755,,,1.51E+10,-12.41122
13.12,-15.15871903,,,1.51E+10,-12.52195
13.14,-13.64891351,,,1.52E+10,-12.36081
13.16,-11.98719491,,,1.52E+10,-12.60347
13.18,-10.50563542,,,1.52E+10,-12.44964
13.2,-9.263885106,,,1.52E+10,-12.62693
13.22,-8.240020618,,,1.53E+10,-12.57076
13.24,-7.39694078,,,1.53E+10,-12.55654
13.26,-6.70003432,,,1.53E+10,-12.63786
13.28,-6.120696975,,,1.53E+10,-12.55737
13.3,-5.636133983,,,1.54E+10,-12.65488
13.32,-5.228365658,,,1.54E+10,-12.57463
13.34,-4.883218664,,,1.54E+10,-12.62479
13.36,-4.589483057,,,1.54E+10,-12.55815
13.38,-4.338248507,,,1.55E+10,-12.58142
13.4,-4.122392278,,,1.55E+10,-12.49502
13.42,-3.936186674,,,1.55E+10,-12.52271
13.44,-3.77499807,,,1.55E+10,-12.46324
13.46,-3.635055509,,,1.56E+10,-12.4304
13.48,-3.513272038,,,1.56E+10,-12.40541
13.5,-3.4071061,,,1.56E+10,-12.30498
13.52,-3.314453448,,,1.56E+10,-12.30955
13.54,-3.233562399,,,1.57E+10,-12.21794
13.56,-3.162967038,,,1.57E+10,-12.20144
13.58,-3.101434281,,,1.57E+10,-12.09823
13.6,-3.047921703,,,1.57E+10,-12.02342
13.62,-3.001543751,,,1.58E+10,-11.94937
13.64,-2.961544551,,,1.58E+10,-11.85642
13.66,-2.9272759,,,1.58E+10,-11.78128
13.68,-2.89817937,,,1.58E+10,-11.68035
13.7,-2.873771691,,,1.59E+10,-11.57366
13.72,-2.853632746,,,1.59E+10,-11.47855
13.74,-2.837395682,,,1.59E+10,-11.34509
13.76,-2.824738715,,,1.59E+10,-11.24211
13.78,-2.815378319,,,1.60E+10,-11.07614
13.8,-2.809063547,,,1.60E+10,-10.93068
13.82,-2.805571265,,,1.60E+10,-10.7589
13.84,-2.804702151,,,1.60E+10,-10.56223
13.86,-2.806277318,,,1.61E+10,-10.43101
13.88,-2.81013546,,,1.61E+10,-10.20445
13.9,-2.816130425,,,1.61E+10,-10.07624
13.92,-2.824129159,,,1.61E+10,-9.8517
13.94,-2.834009939,,,1.62E+10,-9.67855
13.96,-2.845660879,,,1.62E+10,-9.45512
13.98,-2.858978636,,,1.62E+10,-9.28093
14,-2.873867309,,,1.62E+10,-9.00988
14.02,-2.89023749,,,1.63E+10,-8.8439
14.04,-2.908005447,,,1.63E+10,-8.55564
14.06,-2.927092419,,,1.63E+10,-8.33558
14.08,-2.947424016,,,1.63E+10,-8.17832
14.1,-2.96892969,,,1.64E+10,-7.82737
14.12,-2.991542287,,,1.64E+10,-7.71859
14.14,-3.01519766,,,1.64E+10,-7.29414
14.16,-3.039834329,,,1.64E+10,-7.12348
14.18,-3.0653932,,,1.65E+10,-6.83684
14.2,-3.091817305,,,1.65E+10,-6.58056
14.22,-3.119051598,,,1.65E+10,-6.36962
14.24,-3.147042766,,,1.65E+10,-6.11009
14.26,-3.175739072,,,1.66E+10,-5.85458
14.28,-3.205090217,,,1.66E+10,-5.68105
14.3,-3.235047229,,,1.66E+10,-5.44354
14.32,-3.265562361,,,1.66E+10,-5.30821
14.34,-3.296589009,,,1.67E+10,-5.17884
14.36,-3.328081637,,,1.67E+10,-4.97863
14.38,-3.359995722,,,1.67E+10,-4.9926
14.4,-3.392287696,,,1.67E+10,-4.77747
14.42,-3.424914909,,,1.68E+10,-4.8571
14.44,-3.457835591,,,1.68E+10,-4.73286
14.46,-3.491008821,,,1.68E+10,-4.82832
14.48,-3.5243945,,,1.68E+10,-4.86292
14.5,-3.557953335,,,1.69E+10,-4.93511
14.52,-3.591646816,,,1.69E+10,-5.0621
14.54,-3.625437204,,,1.69E+10,-5.1506
14.56,-3.659287516,,,1.69E+10,-5.2933
14.58,-3.693161518,,,1.70E+10,-5.46145
14.6,-3.727023713,,,1.70E+10,-5.63049
14.62,-3.760839335,,,1.70E+10,-5.84938
14.64,-3.794574341,,,1.70E+10,-6.05999
14.66,-3.828195405,,,1.71E+10,-6.23197
14.68,-3.861669911,,,1.71E+10,-6.48289
14.7,-3.894965948,,,1.71E+10,-6.59421
14.72,-3.928052309,,,1.71E+10,-6.91434
14.74,-3.960898477,,,1.72E+10,-7.01267
14.76,-3.993474628,,,1.72E+10,-7.33288
14.78,-4.025751618,,,1.72E+10,-7.43524
14.8,-4.057700986,,,1.72E+10,-7.66901
14.82,-4.089294939,,,1.73E+10,-7.83503
14.84,-4.120506353,,,1.73E+10,-7.98358
14.86,-4.151308762,,,1.73E+10,-8.15904
14.88,-4.181676355,,,1.73E+10,-8.25527
14.9,-4.211583965,,,1.74E+10,-8.45086
14.92,-4.241007067,,,1.74E+10,-8.56869
14.94,-4.269921766,,,1.74E+10,-8.81201
14.96,-4.298304793,,,1.74E+10,-8.758
14.98,-4.326133497,,,1.75E+10,-9.03184
15,-4.353385834,,,1.75E+10,-8.93852
15,-4.3648818,,,1.75E+10,-9.18484
15.02,-4.394385208,,,1.75E+10,-9.27005
15.04,-4.423327464,,,1.76E+10,-9.27212
15.06,-4.451672374,,,1.76E+10,-9.51236
15.08,-4.479385705,,,1.76E+10,-9.41302
15.1,-4.506435096,,,1.76E+10,-9.55145
15.12,-4.532789963,,,1.77E+10,-9.58201
15.14,-4.558421409,,,1.77E+10,-9.57504
15.16,-4.583302144,,,1.77E+10,-9.54995
15.18,-4.607406393,,,1.77E+10,-9.65597
15.2,-4.630709824,,,1.78E+10,-9.43473
15.22,-4.653189463,,,1.78E+10,-9.69185
15.24,-4.674823627,,,1.78E+10,-9.56754
15.26,-4.695591846,,,1.78E+10,-9.57437
15.28,-4.715474801,,,1.79E+10,-9.70826
15.3,-4.734454257,,,1.79E+10,-9.36413
15.32,-4.752513003,,,1.79E+10,-9.6463
15.34,-4.769634793,,,1.79E+10,-9.43287
15.36,-4.78580429,,,1.80E+10,-9.55119
15.38,-4.801007018,,,1.80E+10,-9.64733
15.4,-4.81522931,,,1.80E+10,-9.80695
15.42,-4.828458264,,,1.80E+10,-10.31709
15.44,-4.840681699,,,1.81E+10,-11.11691
15.46,-4.851888117,,,1.81E+10,-12.4868
15.48,-4.862066666,,,1.81E+10,-14.22386
15.5,-4.871207101,,,1.81E+10,-16.08216
15.52,-4.879299762,,,1.82E+10,-17.05872
15.54,-4.886335536,,,1.82E+10,-17.46164
15.56,-4.892305836,,,1.82E+10,-16.87967
15.58,-4.897202577,,,1.82E+10,-16.31344
15.6,-4.901018153,,,1.83E+10,-15.70644
15.62,-4.90374542,,,1.83E+10,-15.12819
15.64,-4.90537768,,,1.83E+10,-14.95072
15.66,-4.905908669,,,1.83E+10,-14.44154
15.68,-4.90533254,,,1.84E+10,-14.45378
15.7,-4.903643863,,,1.84E+10,-14.10536
15.72,-4.900837612,,,1.84E+10,-14.13961
15.74,-4.896909163,,,1.84E+10,-14.02172
15.76,-4.891854294,,,1.85E+10,-13.9845
15.78,-4.885669185,,,1.85E+10,-14.00957
15.8,-4.878350421,,,1.85E+10,-13.93421
15.82,-4.869894998,,,1.85E+10,-14.01944
15.84,-4.860300332,,,1.86E+10,-13.86743
15.86,-4.849564272,,,1.86E+10,-13.98603
15.88,-4.837685108,,,1.86E+10,-13.76903
15.9,-4.824661592,,,1.86E+10,-13.95906
15.92,-4.810492958,,,1.87E+10,-13.8246
15.94,-4.795178937,,,1.87E+10,-13.85486
15.96,-4.778719791,,,1.87E+10,-13.89617
15.98,-4.76111633,,,1.87E+10,-13.73216
16,-4.742369952,,,1.88E+10,-13.9255
16.02,-4.722482671,,,1.88E+10,-13.77134
16.04,-4.701457154,,,1.88E+10,-13.90016
16.06,-4.679296766,,,1.88E+10,-13.92426
16.08,-4.656005604,,,1.89E+10,-14.03166
16.1,-4.631588555,,,1.89E+10,-14.03253
16.12,-4.606051336,,,1.89E+10,-14.27859
16.14,-4.579400556,,,1.89E+10,-14.18448
16.16,-4.551643769,,,1.90E+10,-14.32187
16.18,-4.522789539,,,1.90E+10,-14.50007
16.2,-4.4928475,,,1.90E+10,-14.32185
16.22,-4.461828433,,,1.90E+10,-14.76889
16.24,-4.429744335,,,1.91E+10,-14.44827
16.26,-4.396608496,,,1.91E+10,-14.63725
16.28,-4.362435584,,,1.91E+10,-14.7251
16.3,-4.327241729,,,1.91E+10,-14.58106
16.32,-4.291044612,,,1.92E+10,-14.81208
16.34,-4.253863562,,,1.92E+10,-14.66208
16.36,-4.215719653,,,1.92E+10,-14.71903
16.38,-4.176635804,,,1.92E+10,-14.79371
16.4,-4.136636888,,,1.93E+10,-14.82558
16.42,-4.095749838,,,1.93E+10,-14.84125
16.44,-4.054003759,,,1.93E+10,-15.00909
16.46,-4.011430046,,,1.93E+10,-14.88979
16.48,-3.968062498,,,1.94E+10,-15.04982
16.5,-3.923937436,,,1.94E+10,-15.09728
16.52,-3.879093824,,,1.94E+10,-15.08592
16.54,-3.833573388,,,1.94E+10,-15.30497
16.56,-3.787420736,,,1.95E+10,-15.14261
16.58,-3.740683471,,,1.95E+10,-15.34889
16.6,-3.693412307,,,1.95E+10,-15.23785
16.62,-3.64566118,,,1.95E+10,-15.38257
16.64,-3.597487345,,,1.96E+10,-15.39835
16.66,-3.548951475,,,1.96E+10,-15.36565
16.68,-3.500117746,,,1.96E+10,-15.49635
16.7,-3.451053907,,,1.96E+10,-15.33745
16.72,-3.401831339,,,1.97E+10,-15.47051
16.74,-3.3525251,,,1.97E+10,-15.2803
16.76,-3.303213939,,,1.97E+10,-15.31553
16.78,-3.2539803,,,1.97E+10,-15.24932
16.8,-3.204910293,,,1.98E+10,-15.21995
16.82,-3.156093639,,,1.98E+10,-15.17631
16.84,-3.107623579,,,1.98E+10,-15.14027
16.86,-3.059596752,,,1.98E+10,-15.09481
16.88,-3.012113028,,,1.99E+10,-14.97971
16.9,-2.965275307,,,1.99E+10,-14.99847
16.92,-2.919189265,,,1.99E+10,-14.75947
16.94,-2.873963052,,,1.99E+10,-14.85928
16.96,-2.829706949,,,2.00E+10,-14.64847
16.98,-2.786532956,,,2.00E+10,-14.57653
17,-2.744554342,,,2.00E+10,-14.07432
17.02,-2.703885126,,,,
17.04,-2.664639513,,,,
17.06,-2.626931269,,,,
17.08,-2.59087305,,,,
17.1,-2.556575669,,,,
17.12,-2.524147335,,,,
17.14,-2.493692837,,,,
17.16,-2.465312701,,,,
17.18,-2.439102319,,,,
17.2,-2.415151062,,,,
17.22,-2.393541385,,,,
17.24,-2.37434793,,,,
17.26,-2.357636654,,,,
17.28,-2.343463968,,,,
17.3,-2.331875921,,,,
17.32,-2.322907435,,,,
17.34,-2.316581588,,,,
17.36,-2.312908974,,,,
17.38,-2.311887132,,,,
17.4,-2.313500072,,,,
17.42,-2.317717872,,,,
17.44,-2.324496383,,,,
17.46,-2.333777021,,,,
17.48,-2.345486658,,,,
17.5,-2.359537602,,,,
17.52,-2.37582767,,,,
17.54,-2.394240346,,,,
17.56,-2.414645019,,,,
17.58,-2.436897306,,,,
17.6,-2.460839436,,,,
17.62,-2.486300728,,,,
17.64,-2.51309813,,,,
17.66,-2.541036866,,,,
17.68,-2.569911189,,,,
17.7,-2.599505283,,,,
17.72,-2.629594375,,,,
17.74,-2.659946134,,,,
17.76,-2.690322478,,,,
17.78,-2.720481975,,,,
17.8,-2.750183086,,,,
17.82,-2.779188614,,,,
17.84,-2.807271886,,,,
17.86,-2.834225417,,,,
17.88,-2.859873126,,,,
17.9,-2.884087667,,,,
17.92,-2.906815123,,,,
17.94,-2.928110337,,,,
17.96,-2.948187653,,,,
17.98,-2.967494066,,,,
18,-2.986814947,,,,
18.02,-3.007427178,,,,
18.04,-3.031320949,,,,
18.06,-3.061520114,,,,
18.08,-3.102541329,,,,
18.1,-3.161041938,,,,
18.12,-3.246708493,,,,
18.14,-3.373414858,,,,
18.16,-3.560597777,,,,
18.18,-3.834608448,,,,
18.2,-4.229464952,,,,
18.22,-4.786033123,,,,
18.24,-5.548562767,,,,
18.26,-6.558288939,,,,
18.28,-7.845480117,,,,
18.3,-9.421993645,,,,
18.32,-11.27257321,,,,
18.34,-13.33230112,,,,
18.36,-15.42358866,,,,
18.38,-17.156062,,,,
18.4,-18.01194291,,,,
18.42,-17.86450886,,,,
18.44,-17.13227006,,,,
18.46,-16.24664556,,,,
18.48,-15.41188853,,,,
18.5,-14.68781564,,,,
18.52,-14.07785143,,,,
18.54,-13.56850684,,,,
18.56,-13.14341054,,,,
18.58,-12.78764278,,,,
18.6,-12.4887233,,,,
18.62,-12.23652991,,,,
18.64,-12.02293355,,,,
18.66,-11.84140955,,,,
18.68,-11.68670104,,,,
18.7,-11.55454764,,,,
18.72,-11.44147303,,,,
18.74,-11.34462051,,,,
18.76,-11.2616258,,,,
18.78,-11.19051868,,,,
18.8,-11.12964635,,,,
18.82,-11.07761354,,,,
18.84,-11.0332353,,,,
18.86,-10.9954996,,,,
18.88,-10.96353743,,,,
18.9,-10.93659886,,,,
18.92,-10.91403358,,,,
18.94,-10.89527515,,,,
18.96,-10.87982808,,,,
18.98,-10.86725715,,,,
19,-10.85717866,,,,
19.02,-10.84925306,,,,
19.04,-10.84317885,,,,
19.06,-10.83868739,,,,
19.08,-10.8355386,,,,
19.1,-10.83351725,,,,
19.12,-10.83242982,,,,
19.14,-10.83210183,,,,
19.16,-10.83237552,,,,
19.18,-10.83310787,,,,
19.2,-10.83416891,,,,
19.22,-10.83544021,,,,
19.24,-10.83681358,,,,
19.26,-10.83818998,,,,
19.28,-10.83947847,,,,
19.3,-10.84059542,,,,
19.32,-10.84146367,,,,
19.34,-10.8420119,,,,
19.36,-10.84217403,,,,
19.38,-10.84188868,,,,
19.4,-10.8410987,,,,
19.42,-10.83975075,,,,
19.44,-10.83779492,,,,
19.46,-10.83518441,,,,
19.48,-10.83187521,,,,
19.5,-10.82782584,,,,
19.52,-10.82299708,,,,
19.54,-10.81735179,,,,
19.56,-10.81085468,,,,
19.58,-10.80347213,,,,
19.6,-10.79517202,,,,
19.62,-10.78592361,,,,
19.64,-10.77569736,,,,
19.66,-10.76446483,,,,
19.68,-10.75219855,,,,
19.7,-10.73887195,,,,
19.72,-10.72445918,,,,
19.74,-10.70893514,,,,
19.76,-10.69227526,,,,
19.78,-10.67445556,,,,
19.8,-10.65545247,,,,
19.82,-10.63524281,,,,
19.84,-10.61380374,,,,
19.86,-10.59111267,,,,
19.88,-10.56714724,,,,
19.9,-10.54188524,,,,
19.92,-10.51530458,,,,
19.94,-10.48738325,,,,
19.96,-10.45809926,,,,
19.98,-10.42743063,,,,
20,-10.39535532,,,,
