,l3=15mm,l3=17mm,l3=19mm
Frequency,mag,mag,mag
1,-1.675074109,-1.964010674,-2.250971656
1.02,-1.719788155,-2.013927431,-2.305105128
1.04,-1.764126157,-2.06329622,-2.358483147
1.06,-1.808053357,-2.112081114,-2.411069962
1.08,-1.851536047,-2.160247614,-2.462831603
1.1,-1.894541529,-2.207762591,-2.513735798
1.12,-1.937038068,-2.254594223,-2.563751878
1.14,-1.978994851,-2.300711925,-2.612850693
1.16,-2.020381936,-2.346086288,-2.661004524
1.18,-2.061170204,-2.390689007,-2.708186999
1.2,-2.10133131,-2.434492821,-2.75437301
1.22,-2.140837628,-2.477471441,-2.799538631
1.24,-2.179662201,-2.519599486,-2.843661036
1.26,-2.217778679,-2.560852414,-2.886718427
1.28,-2.25516127,-2.601206458,-2.928689952
1.3,-2.291784676,-2.640638555,-2.969555632
1.32,-2.327624036,-2.679126281,-3.009296291
1.34,-2.362654863,-2.716647783,-3.04789348
1.36,-2.396852982,-2.753181711,-3.08532941
1.38,-2.430194464,-2.788707152,-3.121586884
1.4,-2.46265556,-2.823203555,-3.156649228
1.42,-2.494212628,-2.856650669,-3.190500223
1.44,-2.524842067,-2.889028466,-3.223124043
1.46,-2.554520237,-2.920317076,-3.254505191
1.48,-2.583223384,-2.950496706,-3.284628428
1.5,-2.610927558,-2.979547569,-3.313478718
1.52,-2.637608527,-3.007449809,-3.341041158
1.54,-2.663241688,-3.034183418,-3.367300917
1.56,-2.687801976,-3.059728155,-3.392243171
1.58,-2.711263756,-3.084063461,-3.41585304
1.6,-2.733600727,-3.10716837,-3.438115525
1.62,-2.754785801,-3.129021418,-3.459015437
1.64,-2.774790985,-3.14960054,-3.478537338
1.66,-2.793587254,-3.168882976,-3.496665469
1.68,-2.811144404,-3.186845153,-3.513383687
1.7,-2.827430911,-3.20346258,-3.528675395
1.72,-2.842413756,-3.218709719,-3.542523478
1.74,-2.856058256,-3.232559862,-3.554910232
1.76,-2.868327866,-3.244984987,-3.565817303
1.78,-2.879183971,-3.255955617,-3.575225625
1.8,-2.888585659,-3.265440659,-3.583115365
1.82,-2.89648948,-3.273407237,-3.589465877
1.84,-2.902849189,-3.279820515,-3.594255663
1.86,-2.907615488,-3.284643506,-3.597462366
1.88,-2.910735762,-3.287836877,-3.599062776
1.9,-2.912153846,-3.289358744,-3.599032882
1.92,-2.911809833,-3.289164487,-3.597347976
1.94,-2.909639969,-3.287206585,-3.59398283
1.96,-2.90557668,-3.283434528,-3.588911973
1.98,-2.899548811,-3.277794857,-3.582110113
2,-2.891482156,-3.270231455,-3.573552742
2.02,-2.881300409,-3.260686219,-3.563217015
2.04,-2.868926679,-3.249100347,-3.551082976
2.06,-2.854285801,-3.235416471,-3.537135293
2.08,-2.837307737,-3.219581908,-3.521365662
2.1,-2.817932505,-3.201553249,-3.503776175
2.12,-2.796117331,-3.18130252,-3.484384013
2.14,-2.771847012,-3.158825191,-3.463228023
2.16,-2.745149066,-3.134150735,-3.440377979
2.18,-2.716116024,-3.10735717,-3.415947733
2.2,-2.684938533,-3.078592244,-3.390114025
2.22,-2.651954872,-3.048105488,-3.363143675
2.24,-2.617725706,-3.01629748,-3.335433324
2.26,-2.58314789,-2.983795812,-3.307568191
2.28,-2.549629404,-2.951572472,-3.280410089
2.3,-2.519360813,-2.921126198,-3.255231037
2.32,-2.495740434,-2.89476851,-3.233919069
2.34,-2.484045505,-2.876077612,-3.219299949
2.36,-2.49249663,-2.870627294,-3.215647806
2.38,-2.533943571,-2.887168897,-3.229507481
2.4,-2.628502314,-2.939557339,-3.271035986
2.42,-2.807551918,-3.049876336,-3.356210179
2.44,-3.119408836,-3.253406373,-3.510464668
2.46,-3.636429896,-3.60614633,-3.774614386
2.48,-4.462033975,-4.195166517,-4.214175642
2.5,-5.735476175,-5.150781246,-4.933135695
2.52,-7.638110964,-6.659317242,-6.092846908
2.54,-10.43001652,-8.987210371,-7.940056869
2.56,-14.61975809,-12.58451108,-10.8770372
2.58,-21.61560082,-18.55212086,-15.74931319
2.6,-26.01940094,-26.58898189,-24.39206149
2.62,-18.72435406,-19.31914791,-20.61937394
2.64,-14.85264668,-14.7801947,-15.0076493
2.66,-12.54574887,-12.21492006,-12.01320393
2.68,-11.00316849,-10.55760486,-10.1545157
2.7,-9.897159366,-9.398192947,-8.890481646
2.72,-9.065666277,-8.542572185,-7.977470038
2.74,-8.418176499,-7.885645193,-7.287996635
2.76,-7.899823377,-7.365265677,-6.748648297
2.78,-7.475335033,-6.942319232,-6.314250817
2.8,-7.121002367,-6.591001277,-5.955596303
2.82,-6.820315524,-6.293642225,-5.653048479
2.84,-6.561440562,-6.037768211,-5.392977008
2.86,-6.335686828,-5.81434472,-5.165662476
2.88,-6.136538244,-5.616683137,-4.964012557
2.9,-5.959020415,-5.439736377,-4.782747248
2.92,-5.799275361,-5.279631803,-4.617866162
2.94,-5.654268739,-5.133353634,-4.466291112
2.96,-5.521583961,-4.998522177,-4.325620794
2.98,-5.399274668,-4.873237357,-4.193958976
3,-5.285757237,-4.755965858,-4.069791966
3.02,-5.179731259,-4.645458432,-3.951899793
3.04,-5.080119906,-4.540688437,-3.839290857
3.06,-4.986024646,-4.440805567,-3.731153197
3.08,-4.896690461,-4.34510059,-3.626817708
3.1,-4.811478856,-4.252978187,-3.525730044
3.12,-4.729846698,-4.163935824,-3.427428952
3.14,-4.651329489,-4.07754715,-3.331529392
3.16,-4.575528026,-3.993448853,-3.237709271
3.18,-4.502097685,-3.911330165,-3.14569894
3.2,-4.430739739,-3.830924414,-3.055272803
3.22,-4.361194295,-3.752002191,-2.96624258
3.24,-4.293234496,-3.674365771,-2.878451855
3.26,-4.226661741,-3.597844547,-2.79177164
3.28,-4.161301715,-3.522291261,-2.70609674
3.3,-4.097001089,-3.447578879,-2.621342773
3.32,-4.033624748,-3.373597996,-2.537443693
3.34,-3.971053458,-3.300254658,-2.454349744
3.36,-3.909181897,-3.227468539,-2.372025738
3.38,-3.847916983,-3.1551714,-2.290449622
3.4,-3.787176451,-3.083305788,-2.209611254
3.42,-3.726887629,-3.011823936,-2.129511375
3.44,-3.6669864,-2.940686814,-2.050160718
3.46,-3.607416298,-2.869863335,-1.97157924
3.48,-3.548127734,-2.799329663,-1.893795455
3.5,-3.489077325,-2.729068623,-1.816845836
3.52,-3.430227308,-2.659069194,-1.740774286
3.54,-3.371545036,-2.58932607,-1.665631641
3.56,-3.313002534,-2.519839278,-1.591475222
3.58,-3.254576115,-2.450613846,-1.518368395
3.6,-3.196246039,-2.381659514,-1.446380156
3.62,-3.137996218,-2.312990475,-1.37558471
3.64,-3.079813953,-2.244625154,-1.306061059
3.66,-3.021689705,-2.176585994,-1.237892568
3.68,-2.963616895,-2.108899284,-1.17116653
3.7,-2.905591716,-2.041594978,-1.105973706
3.72,-2.847612984,-1.974706546,-1.042407841
3.74,-2.789681985,-1.908270818,-0.980565164
3.76,-2.731802356,-1.842327842,-0.920543849
3.78,-2.67397997,-1.776920745,-0.862443462
3.8,-2.616222828,-1.712095587,-0.806364371
3.82,-2.558540973,-1.647901221,-0.752407128
3.84,-2.500946402,-1.584389145,-0.700671837
3.86,-2.443452989,-1.521613346,-0.65125749
3.88,-2.386076411,-1.459630145,-0.604261284
3.9,-2.328834085,-1.398498023,-0.559777937
3.92,-2.271745099,-1.338277439,-0.51789898
3.94,-2.214830156,-1.279030645,-0.47871206
3.96,-2.158111513,-1.220821474,-0.442300247
3.98,-2.101612923,-1.163715126,-0.408741347
4,-2.045359579,-1.107777937,-0.37810725
4.02,-1.989378058,-1.053077129,-0.350463302
4.04,-1.933696259,-0.999680556,-0.325867713
4.06,-1.87834335,-0.947656424,-0.304371021
4.08,-1.823349702,-0.897073006,-0.286015608
4.1,-1.768746828,-0.847998344,-0.270835279
4.12,-1.714567318,-0.80049993,-0.258854912
4.14,-1.66084477,-0.754644393,-0.250090184
4.16,-1.607613715,-0.710497163,-0.244547376
4.18,-1.554909547,-0.668122134,-0.242223262
4.2,-1.502768435,-0.627581324,-0.243105083
4.22,-1.451227246,-0.588934536,-0.247170604
4.24,-1.400323453,-0.552239008,-0.254388256
4.26,-1.350095041,-0.517549085,-0.264717357
4.28,-1.300580414,-0.484915884,-0.278108412
4.3,-1.251818287,-0.454386974,-0.29450348
4.32,-1.203847583,-0.426006074,-0.31383661
4.34,-1.156707322,-0.399812765,-0.336034329
4.36,-1.110436502,-0.375842218,-0.361016181
4.38,-1.065073988,-0.354124954,-0.388695307
4.4,-1.020658379,-0.334686625,-0.418979055
4.42,-0.977227891,-0.317547825,-0.451769608
4.44,-0.934820224,-0.302723936,-0.486964637
4.46,-0.893472431,-0.290225,-0.524457942
4.48,-0.853220788,-0.280055631,-0.564140107
4.5,-0.81410066,-0.272214967,-0.605899131
4.52,-0.776146367,-0.266696649,-0.649621052
4.54,-0.739391051,-0.263488845,-0.69519054
4.56,-0.703866545,-0.262574305,-0.742491466
4.58,-0.669603246,-0.263930456,-0.791407443
4.6,-0.636629982,-0.267529529,-0.841822324
4.62,-0.604973899,-0.273338715,-0.893620669
4.64,-0.574660335,-0.281320363,-0.946688169
4.66,-0.545712715,-0.291432189,-1.00091203
4.68,-0.518152443,-0.303627525,-1.056181323
4.7,-0.491998803,-0.317855581,-1.112387283
4.72,-0.467268873,-0.334061728,-1.169423583
4.74,-0.443977445,-0.3521878,-1.227186556
4.76,-0.422136949,-0.372172402,-1.28557539
4.78,-0.401757401,-0.393951228,-1.344492289
4.8,-0.382846347,-0.417457392,-1.403842596
4.82,-0.36540883,-0.442621746,-1.463534893
4.84,-0.34944736,-0.469373215,-1.523481067
4.86,-0.334961902,-0.497639113,-1.583596358
4.88,-0.321949873,-0.527345458,-1.643799377
4.9,-0.310406152,-0.558417286,-1.704012112
4.92,-0.300323102,-0.590778941,-1.764159907
4.94,-0.291690604,-0.624354361,-1.824171431
4.96,-0.284496099,-0.659067348,-1.883978632
4.98,-0.278724649,-0.694841823,-1.943516679
5,-0.274359001,-0.731602066,-2.002723891
1,--,--,--
1.02,--,--,--
1.04,--,--,--
1.06,--,--,--
1.08,--,--,--
1.1,--,--,--
1.12,--,--,--
1.14,--,--,--
1.16,--,--,--
1.18,--,--,--
1.2,--,--,--
1.22,--,--,--
1.24,--,--,--
1.26,--,--,--
1.28,--,--,--
1.3,--,--,--
1.32,--,--,--
1.34,--,--,--
1.36,--,--,--
1.38,--,--,--
1.4,--,--,--
1.42,--,--,--
1.44,--,--,--
1.46,--,--,--
1.48,--,--,--
1.5,--,--,--
1.52,--,--,--
1.54,--,--,--
1.56,--,--,--
1.58,--,--,--
1.6,--,--,--
1.62,--,--,--
1.64,--,--,--
1.66,--,--,--
1.68,--,--,--
1.7,--,--,--
1.72,--,--,--
1.74,--,--,--
1.76,--,--,--
1.78,--,--,--
1.8,--,--,--
1.82,--,--,--
1.84,--,--,--
1.86,--,--,--
1.88,--,--,--
1.9,--,--,--
1.92,--,--,--
1.94,--,--,--
1.96,--,--,--
1.98,--,--,--
2,--,--,--
2.02,--,--,--
2.04,--,--,--
2.06,--,--,--
2.08,--,--,--
2.1,--,--,--
2.12,--,--,--
2.14,--,--,--
2.16,--,--,--
2.18,--,--,--
2.2,--,--,--
2.22,--,--,--
2.24,--,--,--
2.26,--,--,--
2.28,--,--,--
2.3,--,--,--
2.32,--,--,--
2.34,--,--,--
2.36,--,--,--
2.38,--,--,--
2.4,--,--,--
2.42,--,--,--
2.44,--,--,--
2.46,--,--,--
2.48,--,--,--
2.5,--,--,--
2.52,--,--,--
2.54,--,--,--
2.56,--,--,--
2.58,--,--,--
2.6,--,--,--
2.62,--,--,--
2.64,--,--,--
2.66,--,--,--
2.68,--,--,--
2.7,--,--,--
2.72,--,--,--
2.74,--,--,--
2.76,--,--,--
2.78,--,--,--
2.8,--,--,--
2.82,--,--,--
2.84,--,--,--
2.86,--,--,--
2.88,--,--,--
2.9,--,--,--
2.92,--,--,--
2.94,--,--,--
2.96,--,--,--
2.98,--,--,--
3,--,--,--
3.02,--,--,--
3.04,--,--,--
3.06,--,--,--
3.08,--,--,--
3.1,--,--,--
3.12,--,--,--
3.14,--,--,--
3.16,--,--,--
3.18,--,--,--
3.2,--,--,--
3.22,--,--,--
3.24,--,--,--
3.26,--,--,--
3.28,--,--,--
3.3,--,--,--
3.32,--,--,--
3.34,--,--,--
3.36,--,--,--
3.38,--,--,--
3.4,--,--,--
3.42,--,--,--
3.44,--,--,--
3.46,--,--,--
3.48,--,--,--
3.5,--,--,--
3.52,--,--,--
3.54,--,--,--
3.56,--,--,--
3.58,--,--,--
3.6,--,--,--
3.62,--,--,--
3.64,--,--,--
3.66,--,--,--
3.68,--,--,--
3.7,--,--,--
3.72,--,--,--
3.74,--,--,--
3.76,--,--,--
3.78,--,--,--
3.8,--,--,--
3.82,--,--,--
3.84,--,--,--
3.86,--,--,--
3.88,--,--,--
3.9,--,--,--
3.92,--,--,--
3.94,--,--,--
3.96,--,--,--
3.98,--,--,--
4,--,--,--
4.02,--,--,--
4.04,--,--,--
4.06,--,--,--
4.08,--,--,--
4.1,--,--,--
4.12,--,--,--
4.14,--,--,--
4.16,--,--,--
4.18,--,--,--
4.2,--,--,--
4.22,--,--,--
4.24,--,--,--
4.26,--,--,--
4.28,--,--,--
4.3,--,--,--
4.32,--,--,--
4.34,--,--,--
4.36,--,--,--
4.38,--,--,--
4.4,--,--,--
4.42,--,--,--
4.44,--,--,--
4.46,--,--,--
4.48,--,--,--
4.5,--,--,--
4.52,--,--,--
4.54,--,--,--
4.56,--,--,--
4.58,--,--,--
4.6,--,--,--
4.62,--,--,--
4.64,--,--,--
4.66,--,--,--
4.68,--,--,--
4.7,--,--,--
4.72,--,--,--
4.74,--,--,--
4.76,--,--,--
4.78,--,--,--
4.8,--,--,--
4.82,--,--,--
4.84,--,--,--
4.86,--,--,--
4.88,--,--,--
4.9,--,--,--
4.92,--,--,--
4.94,--,--,--
4.96,--,--,--
4.98,--,--,--
5,--,--,--
1,--,--,--
1.02,--,--,--
1.04,--,--,--
1.06,--,--,--
1.08,--,--,--
1.1,--,--,--
1.12,--,--,--
1.14,--,--,--
1.16,--,--,--
1.18,--,--,--
1.2,--,--,--
1.22,--,--,--
1.24,--,--,--
1.26,--,--,--
1.28,--,--,--
1.3,--,--,--
1.32,--,--,--
1.34,--,--,--
1.36,--,--,--
1.38,--,--,--
1.4,--,--,--
1.42,--,--,--
1.44,--,--,--
1.46,--,--,--
1.48,--,--,--
1.5,--,--,--
1.52,--,--,--
1.54,--,--,--
1.56,--,--,--
1.58,--,--,--
1.6,--,--,--
1.62,--,--,--
1.64,--,--,--
1.66,--,--,--
1.68,--,--,--
1.7,--,--,--
1.72,--,--,--
1.74,--,--,--
1.76,--,--,--
1.78,--,--,--
1.8,--,--,--
1.82,--,--,--
1.84,--,--,--
1.86,--,--,--
1.88,--,--,--
1.9,--,--,--
1.92,--,--,--
1.94,--,--,--
1.96,--,--,--
1.98,--,--,--
2,--,--,--
2.02,--,--,--
2.04,--,--,--
2.06,--,--,--
2.08,--,--,--
2.1,--,--,--
2.12,--,--,--
2.14,--,--,--
2.16,--,--,--
2.18,--,--,--
2.2,--,--,--
2.22,--,--,--
2.24,--,--,--
2.26,--,--,--
2.28,--,--,--
2.3,--,--,--
2.32,--,--,--
2.34,--,--,--
2.36,--,--,--
2.38,--,--,--
2.4,--,--,--
2.42,--,--,--
2.44,--,--,--
2.46,--,--,--
2.48,--,--,--
2.5,--,--,--
2.52,--,--,--
2.54,--,--,--
2.56,--,--,--
2.58,--,--,--
2.6,--,--,--
2.62,--,--,--
2.64,--,--,--
2.66,--,--,--
2.68,--,--,--
2.7,--,--,--
2.72,--,--,--
2.74,--,--,--
2.76,--,--,--
2.78,--,--,--
2.8,--,--,--
2.82,--,--,--
2.84,--,--,--
2.86,--,--,--
2.88,--,--,--
2.9,--,--,--
2.92,--,--,--
2.94,--,--,--
2.96,--,--,--
2.98,--,--,--
3,--,--,--
3.02,--,--,--
3.04,--,--,--
3.06,--,--,--
3.08,--,--,--
3.1,--,--,--
3.12,--,--,--
3.14,--,--,--
3.16,--,--,--
3.18,--,--,--
3.2,--,--,--
3.22,--,--,--
3.24,--,--,--
3.26,--,--,--
3.28,--,--,--
3.3,--,--,--
3.32,--,--,--
3.34,--,--,--
3.36,--,--,--
3.38,--,--,--
3.4,--,--,--
3.42,--,--,--
3.44,--,--,--
3.46,--,--,--
3.48,--,--,--
3.5,--,--,--
3.52,--,--,--
3.54,--,--,--
3.56,--,--,--
3.58,--,--,--
3.6,--,--,--
3.62,--,--,--
3.64,--,--,--
3.66,--,--,--
3.68,--,--,--
3.7,--,--,--
3.72,--,--,--
3.74,--,--,--
3.76,--,--,--
3.78,--,--,--
3.8,--,--,--
3.82,--,--,--
3.84,--,--,--
3.86,--,--,--
3.88,--,--,--
3.9,--,--,--
3.92,--,--,--
3.94,--,--,--
3.96,--,--,--
3.98,--,--,--
4,--,--,--
4.02,--,--,--
4.04,--,--,--
4.06,--,--,--
4.08,--,--,--
4.1,--,--,--
4.12,--,--,--
4.14,--,--,--
4.16,--,--,--
4.18,--,--,--
4.2,--,--,--
4.22,--,--,--
4.24,--,--,--
4.26,--,--,--
4.28,--,--,--
4.3,--,--,--
4.32,--,--,--
4.34,--,--,--
4.36,--,--,--
4.38,--,--,--
4.4,--,--,--
4.42,--,--,--
4.44,--,--,--
4.46,--,--,--
4.48,--,--,--
4.5,--,--,--
4.52,--,--,--
4.54,--,--,--
4.56,--,--,--
4.58,--,--,--
4.6,--,--,--
4.62,--,--,--
4.64,--,--,--
4.66,--,--,--
4.68,--,--,--
4.7,--,--,--
4.72,--,--,--
4.74,--,--,--
4.76,--,--,--
4.78,--,--,--
4.8,--,--,--
4.82,--,--,--
4.84,--,--,--
4.86,--,--,--
4.88,--,--,--
4.9,--,--,--
4.92,--,--,--
4.94,--,--,--
4.96,--,--,--
4.98,--,--,--
5,--,--,--
5,-0.275685077,-0.672043099,-1.94637241
5.025,-0.271061371,-0.717250736,-2.020342297
5.05,-0.268586434,-0.763901323,-2.093682509
5.075,-0.268210225,-0.811844786,-2.166280563
5.1,-0.269877191,-0.860932951,-2.238031035
5.125,-0.27352662,-0.91102009,-2.308835247
5.15,-0.279093015,-0.961963385,-2.378600964
5.175,-0.286506481,-1.013623348,-2.44724207
5.2,-0.295693139,-1.065864153,-2.514678246
5.225,-0.306575541,-1.11855393,-2.580834654
5.25,-0.319073094,-1.171564989,-2.645641621
5.275,-0.333102485,-1.224773992,-2.709034327
5.3,-0.348578103,-1.278062084,-2.770952506
5.325,-0.365412449,-1.33131497,-2.831340155
5.35,-0.383516546,-1.384422962,-2.890145253
5.375,-0.402800323,-1.43728098,-2.947319488
5.4,-0.423172988,-1.489788531,-3.002818003
5.425,-0.444543387,-1.541849656,-3.056599146
5.45,-0.466820333,-1.593372852,-3.108624241
5.475,-0.489912918,-1.644270978,-3.15885736
5.5,-0.513730802,-1.69446114,-3.207265119
5.525,-0.53818448,-1.743864566,-3.253816475
5.55,-0.563185517,-1.792406467,-3.298482546
5.575,-0.58864677,-1.84001589,-3.341236427
5.6,-0.61448258,-1.886625564,-3.382053032
5.625,-0.640608936,-1.932171746,-3.420908939
5.65,-0.666943632,-1.976594055,-3.457782241
5.675,-0.693406383,-2.019835311,-3.492652415
5.7,-0.71991894,-2.061841375,-3.525500195
5.725,-0.746405166,-2.102560986,-3.556307453
5.75,-0.772791114,-2.1419456,-3.585057091
5.775,-0.799005071,-2.179949232,-3.611732938
5.8,-0.824977597,-2.216528304,-3.636319655
5.825,-0.850641546,-2.251641492,-3.658802648
5.85,-0.875932077,-2.285249583,-3.679167987
5.875,-0.900786648,-2.317315325,-3.69740233
5.9,-0.925145008,-2.347803296,-3.713492855
5.925,-0.948949172,-2.376679765,-3.727427193
5.95,-0.972143392,-2.403912566,-3.739193375
5.975,-0.994674122,-2.429470971,-3.748779775
6,-1.016489977,-2.453325572,-3.756175062
6.025,-1.037541686,-2.475448163,-3.761368159
6.05,-1.057782042,-2.495811628,-3.764348202
6.075,-1.077165853,-2.514389838,-3.765104507
6.1,-1.095649883,-2.531157541,-3.763626541
6.125,-1.113192801,-2.546090269,-3.759903896
6.15,-1.129755126,-2.559164239,-3.753926267
6.175,-1.145299173,-2.570356262,-3.74568344
6.2,-1.159789,-2.579643653,-3.735165281
6.225,-1.17319036,-2.587004151,-3.722361728
6.25,-1.185470653,-2.59241583,-3.707262791
6.275,-1.196598888,-2.595857027,-3.689858559
6.3,-1.206545643,-2.597306262,-3.670139214
6.325,-1.215283038,-2.596742172,-3.648095044
6.35,-1.222784709,-2.594143437,-3.623716477
6.375,-1.229025803,-2.589488718,-3.596994109
6.4,-1.233982968,-2.582756599,-3.567918754
6.425,-1.237634368,-2.573925529,-3.536481498
6.45,-1.239959709,-2.562973774,-3.502673767
6.475,-1.240940282,-2.549879369,-3.466487408
6.5,-1.240559026,-2.534620092,-3.427914794
6.525,-1.238800618,-2.517173428,-3.386948937
6.55,-1.235651592,-2.497516563,-3.343583632
6.575,-1.231100487,-2.475626382,-3.297813626
6.6,-1.225138048,-2.451479488,-3.249634819
6.625,-1.217757464,-2.425052249,-3.199044501
6.65,-1.20895467,-2.396320867,-3.146041636
6.675,-1.198728724,-2.365261493,-3.090627202
6.7,-1.187082263,-2.331850384,-3.03280459
6.725,-1.17402207,-2.296064126,-2.972580093
6.75,-1.159559761,-2.257879929,-2.909963478
6.775,-1.143712632,-2.21727603,-2.84496869
6.8,-1.126504688,-2.174232217,-2.777614692
6.825,-1.107967908,-2.128730524,-2.707926485
6.85,-1.088143792,-2.080756135,-2.635936357
6.875,-1.067085259,-2.030298567,-2.561685401
6.9,-1.04485897,-1.977353205,-2.485225391
6.925,-1.021548203,-1.921923307,-2.406621086
6.95,-0.99725638,-1.864022612,-2.325953103
6.975,-0.972111441,-1.803678748,-2.243321494
7,-0.946271251,-1.740937681,-2.15885024
7.025,-0.919930331,-1.675869554,-2.072692924
7.05,-0.893328227,-1.608576362,-1.985039929
7.075,-0.866759969,-1.539202079,-1.896127652
7.1,-0.840589166,-1.467946074,-1.806250348
7.125,-0.815264428,-1.395080938,-1.715775464
7.15,-0.791340034,-1.320976307,-1.625163646
7.175,-0.769501956,-1.246130789,-1.534994994
7.2,-0.750600702,-1.171214961,-1.446003782
7.225,-0.735692769,-1.097129488,-1.359124684
7.25,-0.726092956,-1.025083935,-1.275554754
7.275,-0.72344028,-0.956703918,-1.196837071
7.3,-0.729780766,-0.894176909,-1.12497435
7.325,-0.747670868,-0.840450472,-1.062584084
7.35,-0.780305591,-0.799500624,-1.013111356
7.375,-0.83167529,-0.77669203,-0.981121538
7.4,-0.906754242,-0.779254058,-0.972703031
7.425,-1.011721976,-0.816894196,-0.996019687
7.45,-1.154214439,-0.902557034,-1.062062745
7.475,-1.343596129,-1.053304354,-1.185660089
7.5,-1.591237043,-1.291232649,-1.386802082
7.525,-1.910772697,-1.644265351,-1.692333802
7.55,-2.318328429,-2.146607048,-2.138052065
7.575,-2.832713732,-2.838751983,-2.771289959
7.6,-3.475657194,-3.767400376,-3.654360715
7.625,-4.272280507,-4.986632243,-4.870226772
7.65,-5.252226224,-6.563247971,-6.534374128
7.675,-6.452199811,-8.591372599,-8.822453528
7.7,-7.921278223,-11.22457681,-12.02694647
7.725,-9.731499592,-14.72765308,-16.49185174
7.75,-11.9985852,-19.29958387,-19.63337628
7.775,-14.91935181,-21.79905431,-16.10299592
7.8,-18.78212875,-18.36932943,-12.38780945
7.825,-23.02190262,-14.93862744,-9.813305738
7.85,-22.32902493,-12.503709,-7.977040399
7.875,-18.51494216,-10.7272042,-6.606992674
7.9,-15.529261,-9.372184249,-5.548034458
7.925,-13.36125559,-8.300698089,-4.707204911
7.95,-11.72597837,-7.429151436,-4.025524298
7.975,-10.44525344,-6.704065669,-3.463785786
8,-9.412171948,-6.089590797,-2.994948419
8.025,-8.559445921,-5.56076458,-2.599801527
8.05,-7.842517585,-5.09966339,-2.264358102
8.075,-7.230583749,-4.693089616,-1.97821737
8.1,-6.701589963,-4.331120447,-1.733498567
8.125,-6.239288248,-4.006163056,-1.52412577
8.15,-5.831423737,-3.712319975,-1.345336185
8.175,-5.468570343,-3.444951285,-1.193334999
8.2,-5.143356555,-3.200365534,-1.065048882
8.225,-4.849935054,-2.975597076,-0.957947386
8.25,-4.583609958,-2.768242769,-0.86991205
8.275,-4.340569018,-2.576340283,-0.799139578
8.3,-4.117687486,-2.398276095,-0.744069765
8.325,-3.912382049,-2.23271499,-0.703331619
8.35,-3.722500425,-2.078545401,-0.675702995
8.375,-3.546236807,-1.93483654,-0.660080367
8.4,-3.382066327,-1.800804429,-0.655456221
8.425,-3.228693729,-1.675784724,-0.660902203
8.45,-3.085012759,-1.559210782,-0.675556606
8.475,-2.950073772,-1.450595821,-0.69861512
8.5,-2.823057657,-1.349518294,-0.729323998
8.525,-2.703254712,-1.255609842,-0.766975024
8.55,-2.590047389,-1.168545305,-0.810901768
8.575,-2.482896129,-1.088034422,-0.860476773
8.6,-2.381327646,-1.013814903,-0.915109377
8.625,-2.284925192,-0.945646661,-0.974243964
8.65,-2.193320423,-0.883306994,-1.037358487
8.675,-2.106186568,-0.826586592,-1.103963157
8.7,-2.023232673,-0.775286232,-1.17359921
8.725,-1.944198716,-0.729214072,-1.245837715
8.75,-1.868851463,-0.688183462,-1.320278378
8.775,-1.796980927,-0.652011201,-1.396548342
8.8,-1.728397338,-0.620516178,-1.474300959
8.825,-1.662928538,-0.593518353,-1.553214551
8.85,-1.600417744,-0.570838026,-1.632991148
8.875,-1.540721613,-0.552295354,-1.713355231
8.9,-1.48370857,-0.537710081,-1.794052472
8.925,-1.429257361,-0.526901447,-1.874848487
8.95,-1.377255796,-0.519688241,-1.955527612
8.975,-1.327599662,-0.515888976,-2.035891706
9,-1.280191771,-0.515322158,-2.115758991
9.025,-1.234941139,-0.517806626,-2.194962939
9.05,-1.191762273,-0.523161945,-2.273351189
9.075,-1.150574544,-0.531208825,-2.350784535
9.1,-1.111301653,-0.541769568,-2.427135947
9.125,-1.07387116,-0.554668511,-2.502289652
9.15,-1.038214081,-0.569732461,-2.576140271
9.175,-1.004264537,-0.586791121,-2.648592002
9.2,-0.971959451,-0.605677482,-2.719557859
9.225,-0.941238293,-0.62622819,-2.788958962
9.25,-0.912042855,-0.648283882,-2.856723869
9.275,-0.884317062,-0.671689475,-2.922787966
9.3,-0.858006814,-0.696294428,-2.987092893
9.325,-0.833059846,-0.721952955,-3.049586016
9.35,-0.809425616,-0.748524207,-3.11021994
9.375,-0.787055211,-0.775872408,-3.168952056
9.4,-0.765901266,-0.803866967,-3.225744129
9.425,-0.745917899,-0.832382542,-3.280561918
9.45,-0.72706066,-0.861299081,-3.333374823
9.475,-0.709286487,-0.890501836,-3.384155567
9.5,-0.692553672,-0.919881343,-3.432879901
9.525,-0.676821834,-0.949333383,-3.47952634
9.55,-0.662051898,-0.978758928,-3.524075914
9.575,-0.648206076,-1.008064056,-3.566511947
9.6,-0.635247861,-1.037159866,-3.606819859
9.625,-0.623142009,-1.065962369,-3.644986977
9.65,-0.611854536,-1.094392375,-3.681002372
9.675,-0.60135271,-1.12237537,-3.714856712
9.7,-0.591605045,-1.149841387,-3.746542125
9.725,-0.582581295,-1.176724875,-3.776052082
9.75,-0.574252448,-1.202964562,-3.803381287
9.775,-0.566590721,-1.228503319,-3.828525588
9.8,-0.559569551,-1.253288025,-3.851481892
9.825,-0.553163585,-1.277269435,-3.872248096
9.85,-0.547348673,-1.300402045,-3.890823025
9.875,-0.542101854,-1.322643963,-3.907206381
9.9,-0.537401341,-1.343956793,-3.921398705
9.925,-0.533226509,-1.364305504,-3.933401346
9.95,-0.529557877,-1.383658328,-3.943216433
9.975,-0.526377085,-1.401986642,-3.950846868
10,-0.523666877,-1.419264874,-3.956296316
5,--,--,--
5.025,--,--,--
5.05,--,--,--
5.075,--,--,--
5.1,--,--,--
5.125,--,--,--
5.15,--,--,--
5.175,--,--,--
5.2,--,--,--
5.225,--,--,--
5.25,--,--,--
5.275,--,--,--
5.3,--,--,--
5.325,--,--,--
5.35,--,--,--
5.375,--,--,--
5.4,--,--,--
5.425,--,--,--
5.45,--,--,--
5.475,--,--,--
5.5,--,--,--
5.525,--,--,--
5.55,--,--,--
5.575,--,--,--
5.6,--,--,--
5.625,--,--,--
5.65,--,--,--
5.675,--,--,--
5.7,--,--,--
5.725,--,--,--
5.75,--,--,--
5.775,--,--,--
5.8,--,--,--
5.825,--,--,--
5.85,--,--,--
5.875,--,--,--
5.9,--,--,--
5.925,--,--,--
5.95,--,--,--
5.975,--,--,--
6,--,--,--
6.025,--,--,--
6.05,--,--,--
6.075,--,--,--
6.1,--,--,--
6.125,--,--,--
6.15,--,--,--
6.175,--,--,--
6.2,--,--,--
6.225,--,--,--
6.25,--,--,--
6.275,--,--,--
6.3,--,--,--
6.325,--,--,--
6.35,--,--,--
6.375,--,--,--
6.4,--,--,--
6.425,--,--,--
6.45,--,--,--
6.475,--,--,--
6.5,--,--,--
6.525,--,--,--
6.55,--,--,--
6.575,--,--,--
6.6,--,--,--
6.625,--,--,--
6.65,--,--,--
6.675,--,--,--
6.7,--,--,--
6.725,--,--,--
6.75,--,--,--
6.775,--,--,--
6.8,--,--,--
6.825,--,--,--
6.85,--,--,--
6.875,--,--,--
6.9,--,--,--
6.925,--,--,--
6.95,--,--,--
6.975,--,--,--
7,--,--,--
7.025,--,--,--
7.05,--,--,--
7.075,--,--,--
7.1,--,--,--
7.125,--,--,--
7.15,--,--,--
7.175,--,--,--
7.2,--,--,--
7.225,--,--,--
7.25,--,--,--
7.275,--,--,--
7.3,--,--,--
7.325,--,--,--
7.35,--,--,--
7.375,--,--,--
7.4,--,--,--
7.425,--,--,--
7.45,--,--,--
7.475,--,--,--
7.5,--,--,--
7.525,--,--,--
7.55,--,--,--
7.575,--,--,--
7.6,--,--,--
7.625,--,--,--
7.65,--,--,--
7.675,--,--,--
7.7,--,--,--
7.725,--,--,--
7.75,--,--,--
7.775,--,--,--
7.8,--,--,--
7.825,--,--,--
7.85,--,--,--
7.875,--,--,--
7.9,--,--,--
7.925,--,--,--
7.95,--,--,--
7.975,--,--,--
8,--,--,--
8.025,--,--,--
8.05,--,--,--
8.075,--,--,--
8.1,--,--,--
8.125,--,--,--
8.15,--,--,--
8.175,--,--,--
8.2,--,--,--
8.225,--,--,--
8.25,--,--,--
8.275,--,--,--
8.3,--,--,--
8.325,--,--,--
8.35,--,--,--
8.375,--,--,--
8.4,--,--,--
8.425,--,--,--
8.45,--,--,--
8.475,--,--,--
8.5,--,--,--
8.525,--,--,--
8.55,--,--,--
8.575,--,--,--
8.6,--,--,--
8.625,--,--,--
8.65,--,--,--
8.675,--,--,--
8.7,--,--,--
8.725,--,--,--
8.75,--,--,--
8.775,--,--,--
8.8,--,--,--
8.825,--,--,--
8.85,--,--,--
8.875,--,--,--
8.9,--,--,--
8.925,--,--,--
8.95,--,--,--
8.975,--,--,--
9,--,--,--
9.025,--,--,--
9.05,--,--,--
9.075,--,--,--
9.1,--,--,--
9.125,--,--,--
9.15,--,--,--
9.175,--,--,--
9.2,--,--,--
9.225,--,--,--
9.25,--,--,--
9.275,--,--,--
9.3,--,--,--
9.325,--,--,--
9.35,--,--,--
9.375,--,--,--
9.4,--,--,--
9.425,--,--,--
9.45,--,--,--
9.475,--,--,--
9.5,--,--,--
9.525,--,--,--
9.55,--,--,--
9.575,--,--,--
9.6,--,--,--
9.625,--,--,--
9.65,--,--,--
9.675,--,--,--
9.7,--,--,--
9.725,--,--,--
9.75,--,--,--
9.775,--,--,--
9.8,--,--,--
9.825,--,--,--
9.85,--,--,--
9.875,--,--,--
9.9,--,--,--
9.925,--,--,--
9.95,--,--,--
9.975,--,--,--
10,--,--,--
5,--,--,--
5.025,--,--,--
5.05,--,--,--
5.075,--,--,--
5.1,--,--,--
5.125,--,--,--
5.15,--,--,--
5.175,--,--,--
5.2,--,--,--
5.225,--,--,--
5.25,--,--,--
5.275,--,--,--
5.3,--,--,--
5.325,--,--,--
5.35,--,--,--
5.375,--,--,--
5.4,--,--,--
5.425,--,--,--
5.45,--,--,--
5.475,--,--,--
5.5,--,--,--
5.525,--,--,--
5.55,--,--,--
5.575,--,--,--
5.6,--,--,--
5.625,--,--,--
5.65,--,--,--
5.675,--,--,--
5.7,--,--,--
5.725,--,--,--
5.75,--,--,--
5.775,--,--,--
5.8,--,--,--
5.825,--,--,--
5.85,--,--,--
5.875,--,--,--
5.9,--,--,--
5.925,--,--,--
5.95,--,--,--
5.975,--,--,--
6,--,--,--
6.025,--,--,--
6.05,--,--,--
6.075,--,--,--
6.1,--,--,--
6.125,--,--,--
6.15,--,--,--
6.175,--,--,--
6.2,--,--,--
6.225,--,--,--
6.25,--,--,--
6.275,--,--,--
6.3,--,--,--
6.325,--,--,--
6.35,--,--,--
6.375,--,--,--
6.4,--,--,--
6.425,--,--,--
6.45,--,--,--
6.475,--,--,--
6.5,--,--,--
6.525,--,--,--
6.55,--,--,--
6.575,--,--,--
6.6,--,--,--
6.625,--,--,--
6.65,--,--,--
6.675,--,--,--
6.7,--,--,--
6.725,--,--,--
6.75,--,--,--
6.775,--,--,--
6.8,--,--,--
6.825,--,--,--
6.85,--,--,--
6.875,--,--,--
6.9,--,--,--
6.925,--,--,--
6.95,--,--,--
6.975,--,--,--
7,--,--,--
7.025,--,--,--
7.05,--,--,--
7.075,--,--,--
7.1,--,--,--
7.125,--,--,--
7.15,--,--,--
7.175,--,--,--
7.2,--,--,--
7.225,--,--,--
7.25,--,--,--
7.275,--,--,--
7.3,--,--,--
7.325,--,--,--
7.35,--,--,--
7.375,--,--,--
7.4,--,--,--
7.425,--,--,--
7.45,--,--,--
7.475,--,--,--
7.5,--,--,--
7.525,--,--,--
7.55,--,--,--
7.575,--,--,--
7.6,--,--,--
7.625,--,--,--
7.65,--,--,--
7.675,--,--,--
7.7,--,--,--
7.725,--,--,--
7.75,--,--,--
7.775,--,--,--
7.8,--,--,--
7.825,--,--,--
7.85,--,--,--
7.875,--,--,--
7.9,--,--,--
7.925,--,--,--
7.95,--,--,--
7.975,--,--,--
8,--,--,--
8.025,--,--,--
8.05,--,--,--
8.075,--,--,--
8.1,--,--,--
8.125,--,--,--
8.15,--,--,--
8.175,--,--,--
8.2,--,--,--
8.225,--,--,--
8.25,--,--,--
8.275,--,--,--
8.3,--,--,--
8.325,--,--,--
8.35,--,--,--
8.375,--,--,--
8.4,--,--,--
8.425,--,--,--
8.45,--,--,--
8.475,--,--,--
8.5,--,--,--
8.525,--,--,--
8.55,--,--,--
8.575,--,--,--
8.6,--,--,--
8.625,--,--,--
8.65,--,--,--
8.675,--,--,--
8.7,--,--,--
8.725,--,--,--
8.75,--,--,--
8.775,--,--,--
8.8,--,--,--
8.825,--,--,--
8.85,--,--,--
8.875,--,--,--
8.9,--,--,--
8.925,--,--,--
8.95,--,--,--
8.975,--,--,--
9,--,--,--
9.025,--,--,--
9.05,--,--,--
9.075,--,--,--
9.1,--,--,--
9.125,--,--,--
9.15,--,--,--
9.175,--,--,--
9.2,--,--,--
9.225,--,--,--
9.25,--,--,--
9.275,--,--,--
9.3,--,--,--
9.325,--,--,--
9.35,--,--,--
9.375,--,--,--
9.4,--,--,--
9.425,--,--,--
9.45,--,--,--
9.475,--,--,--
9.5,--,--,--
9.525,--,--,--
9.55,--,--,--
9.575,--,--,--
9.6,--,--,--
9.625,--,--,--
9.65,--,--,--
9.675,--,--,--
9.7,--,--,--
9.725,--,--,--
9.75,--,--,--
9.775,--,--,--
9.8,--,--,--
9.825,--,--,--
9.85,--,--,--
9.875,--,--,--
9.9,--,--,--
9.925,--,--,--
9.95,--,--,--
9.975,--,--,--
10,--,--,--
10,-0.517606968,-1.394406858,-3.99241879
10.025,-0.515299557,-1.412225642,-4.00143832
10.05,-0.513455561,-1.428972301,-4.008198683
10.075,-0.512061173,-1.444618656,-4.012704722
10.1,-0.511104008,-1.459139845,-4.014961694
10.125,-0.510573029,-1.472514158,-4.014975256
10.15,-0.510458487,-1.48472287,-4.01275146
10.175,-0.51075184,-1.4957501,-4.008296752
10.2,-0.511445682,-1.505582668,-4.001617984
10.225,-0.512533669,-1.514209963,-3.992722427
10.25,-0.514010436,-1.521623827,-3.98161779
10.275,-0.515871522,-1.527818442,-3.968312253
10.3,-0.518113291,-1.532790226,-3.952814496
10.325,-0.520732852,-1.536537743,-3.935133744
10.35,-0.523727976,-1.539061611,-3.915279812
10.375,-0.527097022,-1.540364432,-3.893263164
10.4,-0.530838853,-1.540450713,-3.869094971
10.425,-0.534952761,-1.539326809,-3.842787184
10.45,-0.539438387,-1.537000864,-3.814352607
10.475,-0.544295647,-1.533482757,-3.783804988
10.5,-0.549524658,-1.528784065,-3.751159107
10.525,-0.555125661,-1.522918015,-3.716430881
10.55,-0.561098957,-1.515899458,-3.679637474
10.575,-0.567444831,-1.507744838,-3.64079742
10.6,-0.574163494,-1.498472164,-3.599930751
10.625,-0.581255012,-1.488100998,-3.55705914
10.65,-0.588719253,-1.476652431,-3.512206055
10.675,-0.596555824,-1.464149078,-3.46539692
10.7,-0.604764019,-1.450615065,-3.416659291
10.725,-0.613342771,-1.436076023,-3.366023047
10.75,-0.622290602,-1.420559088,-3.31352059
10.775,-0.631605582,-1.4040929,-3.259187061
10.8,-0.641285291,-1.386707601,-3.203060566
10.825,-0.65132678,-1.368434841,-3.145182423
10.85,-0.661726547,-1.349307784,-3.085597417
10.875,-0.672480503,-1.329361111,-3.024354073
10.9,-0.683583958,-1.308631028,-2.961504944
10.925,-0.695031598,-1.287155275,-2.897106911
10.95,-0.706817474,-1.26497313,-2.831221499
10.975,-0.718934995,-1.242125422,-2.763915206
11,-0.73137692,-1.218654533,-2.695259847
11.025,-0.744135365,-1.194604406,-2.625332901
11.05,-0.7572018,-1.170020553,-2.554217878
11.075,-0.770567069,-1.144950059,-2.48200469
11.1,-0.784221394,-1.119441583,-2.408790018
11.125,-0.798154399,-1.093545363,-2.334677695
11.15,-0.812355135,-1.067313212,-2.259779073
11.175,-0.826812101,-1.040798521,-2.184213392
11.2,-0.841513281,-1.01405625,-2.108108126
11.225,-0.856446175,-0.987142926,-2.031599319
11.25,-0.871597845,-0.960116634,-1.954831889
11.275,-0.88695495,-0.933037005,-1.877959891
11.3,-0.902503803,-0.905965208,-1.801146748
11.325,-0.918230415,-0.878963935,-1.724565411
11.35,-0.934120555,-0.852097387,-1.648398468
11.375,-0.950159808,-0.825431263,-1.572838158
11.4,-0.966333636,-0.799032743,-1.498086312
11.425,-0.98262745,-0.772970479,-1.424354174
11.45,-0.999026677,-0.747314585,-1.35186212
11.475,-1.015516839,-0.722136632,-1.280839237
11.5,-1.032083629,-0.697509651,-1.211522769
11.525,-1.048712999,-0.673508139,-1.144157419
11.55,-1.065391245,-0.650208086,-1.078994482
11.575,-1.082105109,-0.627687003,-1.016290828
11.6,-1.098841872,-0.606023978,-0.956307726
11.625,-1.115589464,-0.585299748,-0.899309502
11.65,-1.13233658,-0.5655968,-0.845562062
11.675,-1.1490728,-0.546999506,-0.795331277
11.7,-1.165788721,-0.529594292,-0.748881263
11.725,-1.182476097,-0.513469857,-0.706472591
11.75,-1.199127997,-0.498717453,-0.668360443
11.775,-1.215738967,-0.485431222,-0.634792791
11.8,-1.232305217,-0.473708623,-0.606008622
11.825,-1.24882482,-0.463650948,-0.582236293
11.85,-1.265297934,-0.455363955,-0.56369206
11.875,-1.281727051,-0.448958631,-0.55057887
11.9,-1.298117272,-0.444552117,-0.543085486
11.925,-1.314476617,-0.442268828,-0.541386018
11.95,-1.330816375,-0.442241791,-0.545639951
11.975,-1.347151503,-0.444614266,-0.555992752
12,-1.363501072,-0.449541684,-0.572577155
12.025,-1.379888796,-0.457193989,-0.595515204
12.05,-1.396343619,-0.467758452,-0.62492119
12.075,-1.412900414,-0.481443069,-0.660905588
12.1,-1.429600781,-0.498480666,-0.703580166
12.125,-1.446493987,-0.51913388,-0.753064454
12.15,-1.463638068,-0.543701213,-0.809493855
12.175,-1.481101121,-0.572524428,-0.873029731
12.2,-1.498962846,-0.605997608,-0.943871974
12.225,-1.51731637,-0.644578323,-1.022274721
12.25,-1.536270427,-0.688801441,-1.108566192
12.275,-1.555951985,-0.739296323,-1.20317399
12.3,-1.576509403,-0.79680834,-1.306657803
12.325,-1.598116271,-0.86222597,-1.419752338
12.35,-1.620976074,-0.936615143,-1.543424582
12.375,-1.645327921,-1.021263059,-1.678951521
12.4,-1.671453583,-1.117734503,-1.828027533
12.425,-1.699686213,-1.22794473,-1.992915612
12.45,-1.7304212,-1.354254535,-2.17666452
12.475,-1.76412975,-1.499595202,-2.383427072
12.5,-1.801375995,-1.667634061,-2.618936724
12.525,-1.842838655,-1.862995628,-2.89123712
12.55,-1.889338664,-2.091559416,-3.211823846
12.575,-1.941874582,-2.360864365,-3.59746822
12.6,-2.001668317,-2.680662562,-4.073173329
12.625,-2.07022451,-3.06368345,-4.676951411
12.65,-2.149408151,-3.526696061,-5.467107369
12.675,-2.241546675,-4.091992333,-6.530369631
12.7,-2.349565012,-4.789452476,-7.97162194
12.725,-2.47716522,-5.659344928,-9.760038849
12.75,-2.629066544,-6.755709177,-10.97425995
12.775,-2.811327406,-8.148342667,-9.738638857
12.8,-3.031778318,-9.911887965,-7.121870233
12.825,-3.300604283,-12.04291219,-4.954478649
12.85,-3.631126942,-14.07391984,-3.548210636
12.875,-4.040850118,-14.48577577,-2.720308302
12.9,-4.552845262,-12.73942599,-2.260991453
12.925,-5.197558065,-10.42728861,-2.022169243
12.95,-6.015081779,-8.415919843,-1.912811261
12.975,-7.057717704,-6.817193522,-1.879545684
13,-8.391512964,-5.568761993,-1.891323092
13.025,-10.08991889,-4.594033745,-1.929892661
13.05,-12.18572047,-3.829542669,-1.984332777
13.075,-14.43684186,-3.226350087,-2.047974737
13.1,-15.72348755,-2.747331264,-2.116665534
13.125,-14.83232708,-2.364392667,-2.187771913
13.15,-12.806473,-2.056237336,-2.259598054
13.175,-10.85360301,-1.806663066,-2.331037842
13.2,-9.263885106,-1.603285957,-2.401362845
13.225,-8.013746911,-1.436588386,-2.470090466
13.25,-7.032149455,-1.299210667,-2.536900405
13.275,-6.255846341,-1.185424319,-2.601580849
13.3,-5.636133983,-1.090739975,-2.663993267
13.325,-5.13669099,-1.011614835,-2.724049059
13.35,-4.73052857,-0.945233617,-2.781693878
13.375,-4.397488691,-0.889343809,-2.836896991
13.4,-4.122392278,-0.842131135,-2.889643982
13.425,-3.893704688,-0.802124881,-2.939931723
13.45,-3.702578206,-0.768125499,-2.987764866
13.475,-3.542162694,-0.739148898,-3.033153403
13.5,-3.4071061,-0.71438332,-3.076110945
13.525,-3.293189732,-0.693155733,-3.116653518
13.55,-3.197059742,-0.674905499,-3.154798718
13.575,-3.116027774,-0.659163588,-3.190565115
13.6,-3.047921703,-0.645536096,-3.223971847
13.625,-2.990972953,-0.633691085,-3.25503833
13.65,-2.943730727,-0.623348014,-3.283784071
13.675,-2.904996209,-0.61426921,-3.310228546
13.7,-2.873771691,-0.606252938,-3.334391117
13.725,-2.849220962,-0.599127746,-3.356290996
13.75,-2.830638232,-0.592747827,-3.375947225
13.775,-2.817423597,-0.586989182,-3.393378679
13.8,-2.809063547,-0.581746448,-3.408604077
13.825,-2.805115378,-0.576930245,-3.421642009
13.85,-2.805194663,-0.572464954,-3.432510963
13.875,-2.808965126,-0.568286849,-3.441229364
13.9,-2.816130425,-0.564342507,-3.447815612
13.925,-2.82642744,-0.560587456,-3.452288124
13.95,-2.839620785,-0.556985022,-3.45466538
13.975,-2.855498295,-0.553505327,-3.45496597
14,-2.873867309,-0.550124431,-3.453208642
14.025,-2.894551594,-0.546823575,-3.449412351
14.05,-2.917388801,-0.543588525,-3.443596317
14.075,-2.942228353,-0.540408991,-3.435780069
14.1,-2.96892969,-0.537278115,-3.425983509
14.125,-2.997360815,-0.534192011,-3.414226965
14.15,-3.027397079,-0.531149357,-3.400531251
14.175,-3.058920175,-0.528151029,-3.384917726
14.2,-3.091817305,-0.525199767,-3.367408359
14.225,-3.12598048,-0.522299878,-3.348025795
14.25,-3.161305953,-0.51945696,-3.326793418
14.275,-3.197693739,-0.516677657,-3.303735428
14.3,-3.235047229,-0.513969433,-3.278876907
14.325,-3.273272865,-0.511340371,-3.252243898
14.35,-3.312279881,-0.508798982,-3.22386348
14.375,-3.351980088,-0.506354042,-3.193763851
14.4,-3.392287696,-0.504014443,-3.161974412
14.425,-3.43311918,-0.501789053,-3.128525849
14.45,-3.474393163,-0.499686606,-3.093450228
14.475,-3.516030326,-0.497715595,-3.056781081
14.5,-3.557953335,-0.495884186,-3.018553504
14.525,-3.600086786,-0.494200149,-2.978804253
14.55,-3.642357151,-0.4926708,-2.937571845
14.575,-3.68469275,-0.491302964,-2.894896654
14.6,-3.727023713,-0.490102944,-2.850821021
14.625,-3.769281959,-0.489076518,-2.805389356
14.65,-3.811401171,-0.488228941,-2.758648241
14.675,-3.853316781,-0.487564965,-2.710646541
14.7,-3.894965948,-0.487088876,-2.661435509
14.725,-3.936287546,-0.486804548,-2.61106889
14.75,-3.977222142,-0.486715503,-2.559603025
14.775,-4.017711985,-0.486824995,-2.507096955
14.8,-4.057700986,-0.487136102,-2.453612516
14.825,-4.097134701,-0.487651833,-2.399214436
14.85,-4.135960312,-0.488375251,-2.343970419
14.875,-4.174126608,-0.489309602,-2.287951226
14.9,-4.211583965,-0.49045846,-2.231230747
14.925,-4.248284324,-0.49182588,-2.173886061
14.95,-4.284181169,-0.493416566,-2.115997485
14.975,-4.319229505,-0.495236038,-2.057648604
15,-4.353385834,-0.497290815,-1.998926293
10,--,--,--
10.025,--,--,--
10.05,--,--,--
10.075,--,--,--
10.1,--,--,--
10.125,--,--,--
10.15,--,--,--
10.175,--,--,--
10.2,--,--,--
10.225,--,--,--
10.25,--,--,--
10.275,--,--,--
10.3,--,--,--
10.325,--,--,--
10.35,--,--,--
10.375,--,--,--
10.4,--,--,--
10.425,--,--,--
10.45,--,--,--
10.475,--,--,--
10.5,--,--,--
10.525,--,--,--
10.55,--,--,--
10.575,--,--,--
10.6,--,--,--
10.625,--,--,--
10.65,--,--,--
10.675,--,--,--
10.7,--,--,--
10.725,--,--,--
10.75,--,--,--
10.775,--,--,--
10.8,--,--,--
10.825,--,--,--
10.85,--,--,--
10.875,--,--,--
10.9,--,--,--
10.925,--,--,--
10.95,--,--,--
10.975,--,--,--
11,--,--,--
11.025,--,--,--
11.05,--,--,--
11.075,--,--,--
11.1,--,--,--
11.125,--,--,--
11.15,--,--,--
11.175,--,--,--
11.2,--,--,--
11.225,--,--,--
11.25,--,--,--
11.275,--,--,--
11.3,--,--,--
11.325,--,--,--
11.35,--,--,--
11.375,--,--,--
11.4,--,--,--
11.425,--,--,--
11.45,--,--,--
11.475,--,--,--
11.5,--,--,--
11.525,--,--,--
11.55,--,--,--
11.575,--,--,--
11.6,--,--,--
11.625,--,--,--
11.65,--,--,--
11.675,--,--,--
11.7,--,--,--
11.725,--,--,--
11.75,--,--,--
11.775,--,--,--
11.8,--,--,--
11.825,--,--,--
11.85,--,--,--
11.875,--,--,--
11.9,--,--,--
11.925,--,--,--
11.95,--,--,--
11.975,--,--,--
12,--,--,--
12.025,--,--,--
12.05,--,--,--
12.075,--,--,--
12.1,--,--,--
12.125,--,--,--
12.15,--,--,--
12.175,--,--,--
12.2,--,--,--
12.225,--,--,--
12.25,--,--,--
12.275,--,--,--
12.3,--,--,--
12.325,--,--,--
12.35,--,--,--
12.375,--,--,--
12.4,--,--,--
12.425,--,--,--
12.45,--,--,--
12.475,--,--,--
12.5,--,--,--
12.525,--,--,--
12.55,--,--,--
12.575,--,--,--
12.6,--,--,--
12.625,--,--,--
12.65,--,--,--
12.675,--,--,--
12.7,--,--,--
12.725,--,--,--
12.75,--,--,--
12.775,--,--,--
12.8,--,--,--
12.825,--,--,--
12.85,--,--,--
12.875,--,--,--
12.9,--,--,--
12.925,--,--,--
12.95,--,--,--
12.975,--,--,--
13,--,--,--
13.025,--,--,--
13.05,--,--,--
13.075,--,--,--
13.1,--,--,--
13.125,--,--,--
13.15,--,--,--
13.175,--,--,--
13.2,--,--,--
13.225,--,--,--
13.25,--,--,--
13.275,--,--,--
13.3,--,--,--
13.325,--,--,--
13.35,--,--,--
13.375,--,--,--
13.4,--,--,--
13.425,--,--,--
13.45,--,--,--
13.475,--,--,--
13.5,--,--,--
13.525,--,--,--
13.55,--,--,--
13.575,--,--,--
13.6,--,--,--
13.625,--,--,--
13.65,--,--,--
13.675,--,--,--
13.7,--,--,--
13.725,--,--,--
13.75,--,--,--
13.775,--,--,--
13.8,--,--,--
13.825,--,--,--
13.85,--,--,--
13.875,--,--,--
13.9,--,--,--
13.925,--,--,--
13.95,--,--,--
13.975,--,--,--
14,--,--,--
14.025,--,--,--
14.05,--,--,--
14.075,--,--,--
14.1,--,--,--
14.125,--,--,--
14.15,--,--,--
14.175,--,--,--
14.2,--,--,--
14.225,--,--,--
14.25,--,--,--
14.275,--,--,--
14.3,--,--,--
14.325,--,--,--
14.35,--,--,--
14.375,--,--,--
14.4,--,--,--
14.425,--,--,--
14.45,--,--,--
14.475,--,--,--
14.5,--,--,--
14.525,--,--,--
14.55,--,--,--
14.575,--,--,--
14.6,--,--,--
14.625,--,--,--
14.65,--,--,--
14.675,--,--,--
14.7,--,--,--
14.725,--,--,--
14.75,--,--,--
14.775,--,--,--
14.8,--,--,--
14.825,--,--,--
14.85,--,--,--
14.875,--,--,--
14.9,--,--,--
14.925,--,--,--
14.95,--,--,--
14.975,--,--,--
15,--,--,--
10,--,--,--
10.025,--,--,--
10.05,--,--,--
10.075,--,--,--
10.1,--,--,--
10.125,--,--,--
10.15,--,--,--
10.175,--,--,--
10.2,--,--,--
10.225,--,--,--
10.25,--,--,--
10.275,--,--,--
10.3,--,--,--
10.325,--,--,--
10.35,--,--,--
10.375,--,--,--
10.4,--,--,--
10.425,--,--,--
10.45,--,--,--
10.475,--,--,--
10.5,--,--,--
10.525,--,--,--
10.55,--,--,--
10.575,--,--,--
10.6,--,--,--
10.625,--,--,--
10.65,--,--,--
10.675,--,--,--
10.7,--,--,--
10.725,--,--,--
10.75,--,--,--
10.775,--,--,--
10.8,--,--,--
10.825,--,--,--
10.85,--,--,--
10.875,--,--,--
10.9,--,--,--
10.925,--,--,--
10.95,--,--,--
10.975,--,--,--
11,--,--,--
11.025,--,--,--
11.05,--,--,--
11.075,--,--,--
11.1,--,--,--
11.125,--,--,--
11.15,--,--,--
11.175,--,--,--
11.2,--,--,--
11.225,--,--,--
11.25,--,--,--
11.275,--,--,--
11.3,--,--,--
11.325,--,--,--
11.35,--,--,--
11.375,--,--,--
11.4,--,--,--
11.425,--,--,--
11.45,--,--,--
11.475,--,--,--
11.5,--,--,--
11.525,--,--,--
11.55,--,--,--
11.575,--,--,--
11.6,--,--,--
11.625,--,--,--
11.65,--,--,--
11.675,--,--,--
11.7,--,--,--
11.725,--,--,--
11.75,--,--,--
11.775,--,--,--
11.8,--,--,--
11.825,--,--,--
11.85,--,--,--
11.875,--,--,--
11.9,--,--,--
11.925,--,--,--
11.95,--,--,--
11.975,--,--,--
12,--,--,--
12.025,--,--,--
12.05,--,--,--
12.075,--,--,--
12.1,--,--,--
12.125,--,--,--
12.15,--,--,--
12.175,--,--,--
12.2,--,--,--
12.225,--,--,--
12.25,--,--,--
12.275,--,--,--
12.3,--,--,--
12.325,--,--,--
12.35,--,--,--
12.375,--,--,--
12.4,--,--,--
12.425,--,--,--
12.45,--,--,--
12.475,--,--,--
12.5,--,--,--
12.525,--,--,--
12.55,--,--,--
12.575,--,--,--
12.6,--,--,--
12.625,--,--,--
12.65,--,--,--
12.675,--,--,--
12.7,--,--,--
12.725,--,--,--
12.75,--,--,--
12.775,--,--,--
12.8,--,--,--
12.825,--,--,--
12.85,--,--,--
12.875,--,--,--
12.9,--,--,--
12.925,--,--,--
12.95,--,--,--
12.975,--,--,--
13,--,--,--
13.025,--,--,--
13.05,--,--,--
13.075,--,--,--
13.1,--,--,--
13.125,--,--,--
13.15,--,--,--
13.175,--,--,--
13.2,--,--,--
13.225,--,--,--
13.25,--,--,--
13.275,--,--,--
13.3,--,--,--
13.325,--,--,--
13.35,--,--,--
13.375,--,--,--
13.4,--,--,--
13.425,--,--,--
13.45,--,--,--
13.475,--,--,--
13.5,--,--,--
13.525,--,--,--
13.55,--,--,--
13.575,--,--,--
13.6,--,--,--
13.625,--,--,--
13.65,--,--,--
13.675,--,--,--
13.7,--,--,--
13.725,--,--,--
13.75,--,--,--
13.775,--,--,--
13.8,--,--,--
13.825,--,--,--
13.85,--,--,--
13.875,--,--,--
13.9,--,--,--
13.925,--,--,--
13.95,--,--,--
13.975,--,--,--
14,--,--,--
14.025,--,--,--
14.05,--,--,--
14.075,--,--,--
14.1,--,--,--
14.125,--,--,--
14.15,--,--,--
14.175,--,--,--
14.2,--,--,--
14.225,--,--,--
14.25,--,--,--
14.275,--,--,--
14.3,--,--,--
14.325,--,--,--
14.35,--,--,--
14.375,--,--,--
14.4,--,--,--
14.425,--,--,--
14.45,--,--,--
14.475,--,--,--
14.5,--,--,--
14.525,--,--,--
14.55,--,--,--
14.575,--,--,--
14.6,--,--,--
14.625,--,--,--
14.65,--,--,--
14.675,--,--,--
14.7,--,--,--
14.725,--,--,--
14.75,--,--,--
14.775,--,--,--
14.8,--,--,--
14.825,--,--,--
14.85,--,--,--
14.875,--,--,--
14.9,--,--,--
14.925,--,--,--
14.95,--,--,--
14.975,--,--,--
15,--,--,--
15,-4.254049659,-0.496311924,-1.978968729
15.025,-4.296284231,-0.499363503,-1.920291317
15.05,-4.336750258,-0.502697328,-1.861436918
15.075,-4.375436135,-0.506309078,-1.802506858
15.1,-4.412333483,-0.510193005,-1.743605338
15.125,-4.447436744,-0.514341981,-1.684839305
15.15,-4.480742812,-0.518747551,-1.626318282
15.175,-4.51225069,-0.523399986,-1.568154174
15.2,-4.54196119,-0.528288343,-1.510461026
15.225,-4.569876649,-0.533400529,-1.453354746
15.25,-4.596000679,-0.538723365,-1.396952786
15.275,-4.620337933,-0.544242655,-1.341373786
15.3,-4.642893901,-0.549943257,-1.286737171
15.325,-4.66367472,-0.555809159,-1.23316271
15.35,-4.682687006,-0.561823549,-1.180770033
15.375,-4.699937705,-0.567968899,-1.129678116
15.4,-4.715433957,-0.574227038,-1.080004723
15.425,-4.729182974,-0.580579234,-1.031865819
15.45,-4.741191943,-0.587006272,-0.985374963
15.475,-4.751467926,-0.593488539,-0.940642665
15.5,-4.760017792,-0.6000061,-0.897775741
15.525,-4.766848146,-0.606538782,-0.856876652
15.55,-4.771965276,-0.613066253,-0.818042846
15.575,-4.775375117,-0.619568101,-0.781366103
15.6,-4.777083219,-0.626023918,-0.746931902
15.625,-4.777094726,-0.632413372,-0.714818807
15.65,-4.775414374,-0.638716288,-0.685097897
15.675,-4.772046493,-0.644912723,-0.657832228
15.7,-4.766995019,-0.650983043,-0.633076355
15.725,-4.760263524,-0.656907991,-0.610875914
15.75,-4.751855249,-0.662668765,-0.591267267
15.775,-4.741773155,-0.668247083,-0.574277226
15.8,-4.730019974,-0.673625253,-0.559922854
15.825,-4.716598289,-0.678786241,-0.548211346
15.85,-4.701510604,-0.683713735,-0.539140001
15.875,-4.684759444,-0.688392206,-0.532696271
15.9,-4.666347455,-0.692806971,-0.528857904
15.925,-4.646277518,-0.696944253,-0.527593163
15.95,-4.624552879,-0.700791235,-0.528861127
15.975,-4.601177291,-0.704336118,-0.532612061
16,-4.57615516,-0.707568177,-0.53878786
16.025,-4.549491714,-0.710477807,-0.547322548
16.05,-4.521193184,-0.713056575,-0.558142826
16.075,-4.491266988,-0.715297272,-0.571168674
16.1,-4.459721944,-0.717193953,-0.586313972
16.125,-4.426568487,-0.718741986,-0.603487161
16.15,-4.3918189,-0.719938092,-0.622591907
16.175,-4.355487563,-0.720780387,-0.64352778
16.2,-4.317591219,-0.721268418,-0.666190933
16.225,-4.278149247,-0.721403206,-0.690474765
16.25,-4.237183953,-0.721187272,-0.716270577
16.275,-4.194720881,-0.720624679,-0.743468201
16.3,-4.150789128,-0.719721056,-0.771956603
16.325,-4.105421682,-0.718483634,-0.801624463
16.35,-4.058655766,-0.716921266,-0.832360708
16.375,-4.0105332,-0.715044459,-0.864055016
16.4,-3.961100768,-0.712865392,-0.896598287
16.425,-3.910410599,-0.710397941,-0.929883061
16.45,-3.858520553,-0.707657697,-0.963803912
16.475,-3.805494611,-0.704661985,-0.998257793
16.5,-3.751403267,-0.701429881,-1.03314435
16.525,-3.696323915,-0.697982225,-1.0683662
16.55,-3.640341232,-0.694341635,-1.103829171
16.575,-3.583547547,-0.690532525,-1.13944252
16.6,-3.526043186,-0.686581113,-1.175119119
16.625,-3.467936799,-0.682515439,-1.210775614
16.65,-3.409345641,-0.678365382,-1.246332575
16.675,-3.350395817,-0.674162675,-1.28171462
16.7,-3.291222462,-0.669940935,-1.316850533
16.725,-3.231969866,-0.665735689,-1.351673379
16.75,-3.172791501,-0.661584416,-1.386120613
16.775,-3.11384997,-0.657526601,-1.420134204
16.8,-3.055316835,-0.653603803,-1.45366077
16.825,-2.997372322,-0.64985975,-1.48665174
16.85,-2.940204894,-0.646340454,-1.519063552
16.875,-2.884010655,-0.643094374,-1.550857906
16.9,-2.828992599,-0.640172616,-1.582002083
16.925,-2.775359661,-0.6376292,-1.612469365
16.95,-2.723325589,-0.635521399,-1.642239574
16.975,-2.6731076,-0.633910181,-1.671299788
17,-2.624924842,-0.632860771,-1.699645283
17.025,-2.57899664,-0.632443374,-1.727280779
17.05,-2.535540546,-0.632734102,-1.754222117
17.075,-2.4947702,-0.633816161,-1.780498502
17.1,-2.45689301,-0.63578137,-1.806155573
17.125,-2.422107699,-0.638732124,-1.831259602
17.15,-2.390601719,-0.642783905,-1.855903356
17.175,-2.362548603,-0.648068537,-1.880214348
17.2,-2.338105265,-0.654738404,-1.90436666
17.225,-2.317409328,-0.662971939,-1.928598133
17.25,-2.300576509,-0.672980812,-1.953235833
17.275,-2.287698124,-0.685019397,-1.978734419
17.3,-2.27883876,-0.699397309,-2.005735039
17.325,-2.274034172,-0.716496148,-2.035157124
17.35,-2.27328944,-0.736792022,-2.068342882
17.375,-2.276577426,-0.760886086,-2.107283497
17.4,-2.283837563,-0.78954635,-2.154957534
17.425,-2.294974989,-0.823765407,-2.215756374
17.45,-2.309860038,-0.864840934,-2.295645353
17.475,-2.328328086,-0.914489,-2.400329955
17.5,-2.350179743,-0.975005041,-2.525433306
17.525,-2.375181374,-1.049494452,-2.629362639
17.55,-2.403065945,-1.142205072,-2.622007776
17.575,-2.433534171,-1.259008164,-2.474616458
17.6,-2.466256,-1.408092439,-2.288716693
17.625,-2.500872453,-1.600952511,-2.145317618
17.65,-2.536997922,-1.85375082,-2.052082791
17.675,-2.574223101,-2.189056435,-1.993067278
17.7,-2.612118845,-2.637669967,-1.954273563
17.725,-2.650241423,-3.239373331,-1.92698199
17.75,-2.688139968,-4.039189644,-1.906165159
17.775,-2.725367297,-5.07054294,-1.888940942
17.8,-2.76149604,-6.307248897,-1.873628576
17.825,-2.79614303,-7.565185028,-1.859225385
17.85,-2.829006676,-8.427536553,-1.845120397
17.875,-2.859924734,-8.501740715,-1.830935324
17.9,-2.888964342,-7.894065302,-1.816434092
17.925,-2.916563301,-7.026999217,-1.80146998
17.95,-2.943753181,-6.18985689,-1.785953878
17.975,-2.972513417,-5.483004683,-1.769834756
18,-3.006334935,-4.91555842,-1.753087335
18.025,-3.051115862,-4.467926908,-1.735704147
18.05,-3.116571222,-4.116106151,-1.717690303
18.075,-3.218397546,-3.839028804,-1.699059985
18.1,-3.381426195,-3.619945901,-1.679834055
18.125,-3.643740641,-3.446009322,-1.660038381
18.15,-4.060849553,-3.307471898,-1.639702659
18.175,-4.707137433,-3.196937644,-1.618859567
18.2,-5.669706027,-3.108762516,-1.597544131
18.225,-7.030815953,-3.038602816,-1.575793266
18.25,-8.842142043,-2.983082728,-1.553645407
18.275,-11.09539879,-2.9395514,-1.531140229
18.3,-13.66029321,-2.905905389,-1.508318418
18.325,-16.09863379,-2.880458306,-1.485221473
18.35,-17.50817019,-2.861844452,-1.461891547
18.375,-17.39055718,-2.848947026,-1.438371294
18.4,-16.435959,-2.840844181,-1.414703736
18.425,-15.36758879,-2.836768137,-1.390932136
18.45,-14.43991046,-2.836073928,-1.367099878
18.475,-13.68775445,-2.838215315,-1.343250351
18.5,-13.08812991,-2.842726054,-1.319426826
18.525,-12.61029774,-2.849205233,-1.29567235
18.55,-12.22768357,-2.857305698,-1.272029627
18.575,-11.91947013,-2.866724848,-1.248540901
18.6,-11.66978295,-2.87719727,-1.225247843
18.625,-11.46655446,-2.888488807,-1.202191437
18.65,-11.30055572,-2.90039174,-1.179411861
18.675,-11.1646605,-2.91272087,-1.156948373
18.7,-11.05330625,-2.925310293,-1.134839197
18.725,-10.96210292,-2.938010744,-1.11312141
18.75,-10.88754861,-2.950687399,-1.091830828
18.775,-10.82682135,-2.963218035,-1.071001901
18.8,-10.77762533,-2.975491496,-1.050667604
18.825,-10.73807604,-2.987406403,-1.030859339
18.85,-10.70661371,-2.998870065,-1.011606832
18.875,-10.68193732,-3.009797549,-0.992938048
18.9,-10.66295384,-3.020110907,-0.974879103
18.925,-10.64873879,-3.029738495,-0.957454184
18.95,-10.63850531,-3.03861441,-0.94068548
18.975,-10.63157974,-3.046677999,-0.92459312
19,-10.62738214,-3.053873437,-0.909195117
19.025,-10.62541062,-3.060149373,-0.894507327
19.05,-10.62522874,-3.065458618,-0.88054341
19.075,-10.62645517,-3.069757887,-0.867314809
19.1,-10.62875526,-3.07300757,-0.854830738
19.125,-10.63183409,-3.07517155,-0.843098174
19.15,-10.63543065,-3.076217037,-0.832121871
19.175,-10.6393131,-3.076114443,-0.821904375
19.2,-10.64327464,-3.074837272,-0.812446058
19.225,-10.64713019,-3.072362037,-0.803745156
19.25,-10.65071348,-3.068668194,-0.795797822
19.275,-10.65387459,-3.063738102,-0.788598192
19.3,-10.65647788,-3.057556991,-0.782138452
19.325,-10.6584002,-3.050112957,-0.776408922
19.35,-10.65952933,-3.041396965,-0.771398148
19.375,-10.65976266,-3.031402872,-0.767093
19.4,-10.65900605,-3.020127464,-0.763478781
19.425,-10.6571728,-3.007570506,-0.76053934
19.45,-10.65418279,-2.993734808,-0.758257191
19.475,-10.6499617,-2.978626306,-0.756613645
19.5,-10.64444035,-2.962254151,-0.755588934
19.525,-10.63755411,-2.94463082,-0.755162352
19.55,-10.62924236,-2.925772235,-0.755312393
19.575,-10.61944803,-2.905697895,-0.75601689
19.6,-10.60811721,-2.884431024,-0.75725316
19.625,-10.59519876,-2.861998729,-0.758998152
19.65,-10.58064399,-2.838432173,-0.761228585
19.675,-10.56440639,-2.813766756,-0.763921101
19.7,-10.54644135,-2.788042313,-0.767052402
19.725,-10.52670593,-2.761303318,-0.770599402
19.75,-10.50515868,-2.733599098,-0.774539361
19.775,-10.48175941,-2.704984058,-0.778850026
19.8,-10.45646908,-2.675517911,-0.783509771
19.825,-10.42924962,-2.645265914,-0.788497727
19.85,-10.40006379,-2.614299102,-0.793793916
19.875,-10.36887512,-2.582694536,-0.799379373
19.9,-10.33564774,-2.55053553,-0.805236274
19.925,-10.30034638,-2.517911888,-0.811348049
19.95,-10.2629362,-2.48492012,-0.817699501
19.975,-10.22338284,-2.451663651,-0.824276917
20,-10.18165227,-2.418253002,-0.831068167
15,,,
15.025,,,
15.05,,,
15.075,,,
15.1,,,
15.125,,,
15.15,,,
15.175,,,
15.2,,,
15.225,,,
15.25,,,
15.275,,,
15.3,,,
15.325,,,
15.35,,,
15.375,,,
15.4,,,
15.425,,,
15.45,,,
15.475,,,
15.5,,,
15.525,,,
15.55,,,
15.575,,,
15.6,,,
15.625,,,
15.65,,,
15.675,,,
15.7,,,
15.725,,,
15.75,,,
15.775,,,
15.8,,,
15.825,,,
15.85,,,
15.875,,,
15.9,,,
15.925,,,
15.95,,,
15.975,,,
16,,,
16.025,,,
16.05,,,
16.075,,,
16.1,,,
16.125,,,
16.15,,,
16.175,,,
16.2,,,
16.225,,,
16.25,,,
16.275,,,
16.3,,,
16.325,,,
16.35,,,
16.375,,,
16.4,,,
16.425,,,
16.45,,,
16.475,,,
16.5,,,
16.525,,,
16.55,,,
16.575,,,
16.6,,,
16.625,,,
16.65,,,
16.675,,,
16.7,,,
16.725,,,
16.75,,,
16.775,,,
16.8,,,
16.825,,,
16.85,,,
16.875,,,
16.9,,,
16.925,,,
16.95,,,
16.975,,,
17,,,
17.025,,,
17.05,,,
17.075,,,
17.1,,,
17.125,,,
17.15,,,
17.175,,,
17.2,,,
17.225,,,
17.25,,,
17.275,,,
17.3,,,
17.325,,,
17.35,,,
17.375,,,
17.4,,,
17.425,,,
17.45,,,
17.475,,,
17.5,,,
17.525,,,
17.55,,,
17.575,,,
17.6,,,
17.625,,,
17.65,,,
17.675,,,
17.7,,,
17.725,,,
17.75,,,
17.775,,,
17.8,,,
17.825,,,
17.85,,,
17.875,,,
17.9,,,
17.925,,,
17.95,,,
17.975,,,
18,,,
18.025,,,
18.05,,,
18.075,,,
18.1,,,
18.125,,,
18.15,,,
18.175,,,
18.2,,,
18.225,,,
18.25,,,
18.275,,,
18.3,,,
18.325,,,
18.35,,,
18.375,,,
18.4,,,
18.425,,,
18.45,,,
18.475,,,
18.5,,,
18.525,,,
18.55,,,
18.575,,,
18.6,,,
18.625,,,
18.65,,,
18.675,,,
18.7,,,
18.725,,,
18.75,,,
18.775,,,
18.8,,,
18.825,,,
18.85,,,
18.875,,,
18.9,,,
18.925,,,
18.95,,,
18.975,,,
19,,,
19.025,,,
19.05,,,
19.075,,,
19.1,,,
19.125,,,
19.15,,,
19.175,,,
19.2,,,
19.225,,,
19.25,,,
19.275,,,
19.3,,,
19.325,,,
19.35,,,
19.375,,,
19.4,,,
19.425,,,
19.45,,,
19.475,,,
19.5,,,
19.525,,,
19.55,,,
19.575,,,
19.6,,,
19.625,,,
19.65,,,
19.675,,,
19.7,,,
19.725,,,
19.75,,,
19.775,,,
19.8,,,
19.825,,,
19.85,,,
19.875,,,
19.9,,,
19.925,,,
19.95,,,
19.975,,,
20,,,
15,,,
15.025,,,
15.05,,,
15.075,,,
15.1,,,
15.125,,,
15.15,,,
15.175,,,
15.2,,,
15.225,,,
15.25,,,
15.275,,,
15.3,,,
15.325,,,
15.35,,,
15.375,,,
15.4,,,
15.425,,,
15.45,,,
15.475,,,
15.5,,,
15.525,,,
15.55,,,
15.575,,,
15.6,,,
15.625,,,
15.65,,,
15.675,,,
15.7,,,
15.725,,,
15.75,,,
15.775,,,
15.8,,,
15.825,,,
15.85,,,
15.875,,,
15.9,,,
15.925,,,
15.95,,,
15.975,,,
16,,,
16.025,,,
16.05,,,
16.075,,,
16.1,,,
16.125,,,
16.15,,,
16.175,,,
16.2,,,
16.225,,,
16.25,,,
16.275,,,
16.3,,,
16.325,,,
16.35,,,
16.375,,,
16.4,,,
16.425,,,
16.45,,,
16.475,,,
16.5,,,
16.525,,,
16.55,,,
16.575,,,
16.6,,,
16.625,,,
16.65,,,
16.675,,,
16.7,,,
16.725,,,
16.75,,,
16.775,,,
16.8,,,
16.825,,,
16.85,,,
16.875,,,
16.9,,,
16.925,,,
16.95,,,
16.975,,,
17,,,
17.025,,,
17.05,,,
17.075,,,
17.1,,,
17.125,,,
17.15,,,
17.175,,,
17.2,,,
17.225,,,
17.25,,,
17.275,,,
17.3,,,
17.325,,,
17.35,,,
17.375,,,
17.4,,,
17.425,,,
17.45,,,
17.475,,,
17.5,,,
17.525,,,
17.55,,,
17.575,,,
17.6,,,
17.625,,,
17.65,,,
17.675,,,
17.7,,,
17.725,,,
17.75,,,
17.775,,,
17.8,,,
17.825,,,
17.85,,,
17.875,,,
17.9,,,
17.925,,,
17.95,,,
17.975,,,
18,,,
18.025,,,
18.05,,,
18.075,,,
18.1,,,
18.125,,,
18.15,,,
18.175,,,
18.2,,,
18.225,,,
18.25,,,
18.275,,,
18.3,,,
18.325,,,
18.35,,,
18.375,,,
18.4,,,
18.425,,,
18.45,,,
18.475,,,
18.5,,,
18.525,,,
18.55,,,
18.575,,,
18.6,,,
18.625,,,
18.65,,,
18.675,,,
18.7,,,
18.725,,,
18.75,,,
18.775,,,
18.8,,,
18.825,,,
18.85,,,
18.875,,,
18.9,,,
18.925,,,
18.95,,,
18.975,,,
19,,,
19.025,,,
19.05,,,
19.075,,,
19.1,,,
19.125,,,
19.15,,,
19.175,,,
19.2,,,
19.225,,,
19.25,,,
19.275,,,
19.3,,,
19.325,,,
19.35,,,
19.375,,,
19.4,,,
19.425,,,
19.45,,,
19.475,,,
19.5,,,
19.525,,,
19.55,,,
19.575,,,
19.6,,,
19.625,,,
19.65,,,
19.675,,,
19.7,,,
19.725,,,
19.75,,,
19.775,,,
19.8,,,
19.825,,,
19.85,,,
19.875,,,
19.9,,,
19.925,,,
19.95,,,
19.975,,,
20,,,
